t,level,marginal,lower,upper,scale
t0,1.8,103.8946288728605,0.2,1.8,1.0
t1,0.27,0.0,0.2,1.8,1.0
t2,0.27,0.0,0.2,1.8,1.0
t3,0.27,0.0,0.2,1.8,1.0
t4,0.27,0.0,0.2,1.8,1.0
t5,0.27,0.0,0.2,1.8,1.0
t6,0.27,0.0,0.2,1.8,1.0
t7,0.27,0.0,0.2,1.8,1.0
t8,0.27,0.0,0.2,1.8,1.0
t9,0.27,0.0,0.2,1.8,1.0
t10,1.8,0.0,0.2,1.8,1.0
t11,1.8,0.0,0.2,1.8,1.0
t12,1.8,0.0,0.2,1.8,1.0
t13,1.8,0.0,0.2,1.8,1.0
t14,1.8,0.0,0.2,1.8,1.0
t15,1.8,0.0,0.2,1.8,1.0
t16,1.8,2.3594256481150637,0.2,1.8,1.0
t17,1.8,0.0,0.2,1.8,1.0
t18,1.8,0.0,0.2,1.8,1.0
t19,0.2,-0.386919976697385,0.2,1.8,1.0
t20,0.2,0.0,0.2,1.8,1.0
t21,0.2,0.0,0.2,1.8,1.0
t22,0.2,0.0,0.2,1.8,1.0
t23,0.2,0.0,0.2,1.8,1.0
t24,0.2,0.0,0.2,1.8,1.0
t25,0.2,0.0,0.2,1.8,1.0
t26,0.2,0.0,0.2,1.8,1.0
t27,0.2,-0.9049818530067171,0.2,1.8,1.0
t28,0.2,0.0,0.2,1.8,1.0
t29,0.2,0.0,0.2,1.8,1.0
t30,0.2,0.0,0.2,1.8,1.0
t31,0.2,0.0,0.2,1.8,1.0
t32,0.2,0.0,0.2,1.8,1.0
t33,0.2,0.0,0.2,1.8,1.0
t34,1.73,0.0,0.2,1.8,1.0
t35,1.8,1.306501425698201,0.2,1.8,1.0
t36,1.8,0.0,0.2,1.8,1.0
t37,1.8,0.0,0.2,1.8,1.0
t38,1.8,0.0,0.2,1.8,1.0
t39,1.8,0.0,0.2,1.8,1.0
t40,1.8,0.0,0.2,1.8,1.0
t41,1.8,0.0,0.2,1.8,1.0
t42,1.8,0.0,0.2,1.8,1.0
t43,0.2,-0.3972246472180103,0.2,1.8,1.0
t44,0.2,0.0,0.2,1.8,1.0
t45,0.2,0.0,0.2,1.8,1.0
t46,0.2,0.0,0.2,1.8,1.0
t47,0.2,-1.0633860481557917,0.2,1.8,1.0
t48,0.2,0.0,0.2,1.8,1.0
t49,0.2,0.0,0.2,1.8,1.0
t50,0.2,0.0,0.2,1.8,1.0
t51,0.2,0.0,0.2,1.8,1.0
t52,0.2,0.0,0.2,1.8,1.0
t53,0.2,0.0,0.2,1.8,1.0
t54,0.2,0.0,0.2,1.8,1.0
t55,0.2,0.0,0.2,1.8,1.0
t56,0.2,0.0,0.2,1.8,1.0
t57,0.2,0.0,0.2,1.8,1.0
t58,1.73,0.0,0.2,1.8,1.0
t59,1.8,0.0,0.2,1.8,1.0
t60,1.8,0.0,0.2,1.8,1.0
t61,1.8,0.0,0.2,1.8,1.0
t62,1.8,0.0,0.2,1.8,1.0
t63,1.8,0.0,0.2,1.8,1.0
t64,1.8,1.497321394119325,0.2,1.8,1.0
t65,1.8,0.0,0.2,1.8,1.0
t66,1.8,0.0,0.2,1.8,1.0
t67,1.8,0.0,0.2,1.8,1.0
t68,1.8,0.0,0.2,1.8,1.0
t69,0.2,0.0,0.2,1.8,1.0
t70,0.2,0.0,0.2,1.8,1.0
t71,0.2,0.0,0.2,1.8,1.0
t72,0.2,0.0,0.2,1.8,1.0
t73,0.2,0.0,0.2,1.8,1.0
t74,0.2,0.0,0.2,1.8,1.0
t75,0.2,-1.4265017093505037,0.2,1.8,1.0
t76,0.2,0.0,0.2,1.8,1.0
t77,0.2,0.0,0.2,1.8,1.0
t78,0.2,0.0,0.2,1.8,1.0
t79,0.2,0.0,0.2,1.8,1.0
t80,0.2,0.0,0.2,1.8,1.0
t81,0.2,0.0,0.2,1.8,1.0
t82,1.73,0.0,0.2,1.8,1.0
t83,1.8,0.0,0.2,1.8,1.0
t84,1.8,0.0,0.2,1.8,1.0
t85,1.8,0.0,0.2,1.8,1.0
t86,1.8,1.317927510978791,0.2,1.8,1.0
t87,1.8,0.0,0.2,1.8,1.0
t88,1.8,0.0,0.2,1.8,1.0
t89,1.8,0.0,0.2,1.8,1.0
t90,1.8,0.0,0.2,1.8,1.0
t91,0.2,-0.1864184686586441,0.2,1.8,1.0
t92,0.2,0.0,0.2,1.8,1.0
t93,0.2,0.0,0.2,1.8,1.0
t94,0.2,0.0,0.2,1.8,1.0
t95,0.2,0.0,0.2,1.8,1.0
t96,0.2,0.0,0.2,1.8,1.0
t97,0.2,0.0,0.2,1.8,1.0
t98,0.2,0.0,0.2,1.8,1.0
t99,0.2,-1.310087333309113,0.2,1.8,1.0
t100,0.2,0.0,0.2,1.8,1.0
t101,0.2,0.0,0.2,1.8,1.0
t102,0.2,0.0,0.2,1.8,1.0
t103,0.2,0.0,0.2,1.8,1.0
t104,0.2,0.0,0.2,1.8,1.0
t105,0.2,0.0,0.2,1.8,1.0
t106,1.73,0.0,0.2,1.8,1.0
t107,1.8,0.0,0.2,1.8,1.0
t108,1.8,0.0,0.2,1.8,1.0
t109,1.8,0.0,0.2,1.8,1.0
t110,1.8,0.0,0.2,1.8,1.0
t111,1.8,0.0,0.2,1.8,1.0
t112,1.8,0.0,0.2,1.8,1.0
t113,1.8,0.0,0.2,1.8,1.0
t114,1.8,1.6027313893160482,0.2,1.8,1.0
t115,0.2,-0.18913496758293036,0.2,1.8,1.0
t116,0.2,0.0,0.2,1.8,1.0
t117,0.2,0.0,0.2,1.8,1.0
t118,0.2,0.0,0.2,1.8,1.0
t119,0.2,0.0,0.2,1.8,1.0
t120,0.2,0.0,0.2,1.8,1.0
t121,0.2,0.0,0.2,1.8,1.0
t122,0.2,0.0,0.2,1.8,1.0
t123,0.2,-1.389276813920759,0.2,1.8,1.0
t124,0.2,0.0,0.2,1.8,1.0
t125,0.2,0.0,0.2,1.8,1.0
t126,0.2,0.0,0.2,1.8,1.0
t127,0.2,0.0,0.2,1.8,1.0
t128,0.2,0.0,0.2,1.8,1.0
t129,0.2,0.0,0.2,1.8,1.0
t130,1.73,0.0,0.2,1.8,1.0
t131,1.8,1.5792699363155123,0.2,1.8,1.0
t132,1.8,0.0,0.2,1.8,1.0
t133,1.8,0.0,0.2,1.8,1.0
t134,1.8,0.0,0.2,1.8,1.0
t135,1.8,0.0,0.2,1.8,1.0
t136,1.8,0.0,0.2,1.8,1.0
t137,1.8,0.0,0.2,1.8,1.0
t138,1.8,0.0,0.2,1.8,1.0
t139,0.2,-0.451937629995939,0.2,1.8,1.0
t140,0.2,0.0,0.2,1.8,1.0
t141,0.2,0.0,0.2,1.8,1.0
t142,0.2,0.0,0.2,1.8,1.0
t143,0.2,0.0,0.2,1.8,1.0
t144,0.2,0.0,0.2,1.8,1.0
t145,0.2,0.0,0.2,1.8,1.0
t146,0.2,0.0,0.2,1.8,1.0
t147,0.2,0.0,0.2,1.8,1.0
t148,0.2,-1.0807785606359914,0.2,1.8,1.0
t149,0.2,0.0,0.2,1.8,1.0
t150,0.2,0.0,0.2,1.8,1.0
t151,0.2,0.0,0.2,1.8,1.0
t152,0.2,0.0,0.2,1.8,1.0
t153,0.2,0.0,0.2,1.8,1.0
t154,1.73,0.0,0.2,1.8,1.0
t155,1.8,0.0,0.2,1.8,1.0
t156,1.8,0.0,0.2,1.8,1.0
t157,1.8,0.0,0.2,1.8,1.0
t158,1.8,0.0,0.2,1.8,1.0
t159,1.8,0.0,0.2,1.8,1.0
t160,1.8,0.0,0.2,1.8,1.0
t161,1.8,0.0,0.2,1.8,1.0
t162,1.8,1.5547249752181642,0.2,1.8,1.0
t163,0.2,-0.5103352923515843,0.2,1.8,1.0
t164,0.2,0.0,0.2,1.8,1.0
t165,0.2,0.0,0.2,1.8,1.0
t166,0.2,0.0,0.2,1.8,1.0
t167,0.2,0.0,0.2,1.8,1.0
t168,0.2,0.0,0.2,1.8,1.0
t169,0.2,0.0,0.2,1.8,1.0
t170,0.2,0.0,0.2,1.8,1.0
t171,0.2,0.0,0.2,1.8,1.0
t172,0.2,0.0,0.2,1.8,1.0
t173,0.2,-0.8672565134785373,0.2,1.8,1.0
t174,0.2,0.0,0.2,1.8,1.0
t175,0.2,0.0,0.2,1.8,1.0
t176,0.2,0.0,0.2,1.8,1.0
t177,0.2,0.0,0.2,1.8,1.0
t178,1.73,0.0,0.2,1.8,1.0
t179,1.8,0.0,0.2,1.8,1.0
t180,1.8,0.0,0.2,1.8,1.0
t181,1.8,1.376515874549753,0.2,1.8,1.0
t182,1.8,0.0,0.2,1.8,1.0
t183,1.8,0.0,0.2,1.8,1.0
t184,1.8,0.0,0.2,1.8,1.0
t185,1.8,0.0,0.2,1.8,1.0
t186,1.8,0.0,0.2,1.8,1.0
t187,1.8,0.0,0.2,1.8,1.0
t188,1.8,0.0,0.2,1.8,1.0
t189,0.2,0.0,0.2,1.8,1.0
t190,0.2,0.0,0.2,1.8,1.0
t191,0.2,0.0,0.2,1.8,1.0
t192,0.2,0.0,0.2,1.8,1.0
t193,0.2,0.0,0.2,1.8,1.0
t194,0.2,0.0,0.2,1.8,1.0
t195,0.2,0.0,0.2,1.8,1.0
t196,0.2,0.0,0.2,1.8,1.0
t197,0.2,-1.5607272426865677,0.2,1.8,1.0
t198,0.2,0.0,0.2,1.8,1.0
t199,0.2,0.0,0.2,1.8,1.0
t200,0.2,0.0,0.2,1.8,1.0
t201,0.2,0.0,0.2,1.8,1.0
t202,1.73,0.0,0.2,1.8,1.0
t203,1.8,0.0,0.2,1.8,1.0
t204,1.8,0.0,0.2,1.8,1.0
t205,1.8,0.0,0.2,1.8,1.0
t206,1.8,0.0,0.2,1.8,1.0
t207,1.8,1.5194024387601104,0.2,1.8,1.0
t208,1.8,0.0,0.2,1.8,1.0
t209,1.8,0.0,0.2,1.8,1.0
t210,1.8,0.0,0.2,1.8,1.0
t211,0.2,0.0,0.2,1.8,1.0
t212,0.2,-0.12794874596082195,0.2,1.8,1.0
t213,0.2,0.0,0.2,1.8,1.0
t214,0.2,0.0,0.2,1.8,1.0
t215,0.2,0.0,0.2,1.8,1.0
t216,0.2,0.0,0.2,1.8,1.0
t217,0.2,0.0,0.2,1.8,1.0
t218,0.2,0.0,0.2,1.8,1.0
t219,0.2,0.0,0.2,1.8,1.0
t220,0.2,-1.4165017397025252,0.2,1.8,1.0
t221,0.2,0.0,0.2,1.8,1.0
t222,0.2,0.0,0.2,1.8,1.0
t223,0.2,0.0,0.2,1.8,1.0
t224,0.2,0.0,0.2,1.8,1.0
t225,0.2,0.0,0.2,1.8,1.0
t226,1.73,0.0,0.2,1.8,1.0
t227,1.8,0.0,0.2,1.8,1.0
t228,1.8,0.0,0.2,1.8,1.0
t229,1.8,0.0,0.2,1.8,1.0
t230,1.8,0.0,0.2,1.8,1.0
t231,1.8,0.0,0.2,1.8,1.0
t232,1.8,0.0,0.2,1.8,1.0
t233,1.8,1.4779834765839865,0.2,1.8,1.0
t234,1.8,0.0,0.2,1.8,1.0
t235,0.2,-0.36944902407701363,0.2,1.8,1.0
t236,0.2,0.0,0.2,1.8,1.0
t237,0.2,0.0,0.2,1.8,1.0
t238,0.2,0.0,0.2,1.8,1.0
t239,0.2,0.0,0.2,1.8,1.0
t240,0.2,0.0,0.2,1.8,1.0
t241,0.2,0.0,0.2,1.8,1.0
t242,0.2,-1.08746515954752,0.2,1.8,1.0
t243,0.2,0.0,0.2,1.8,1.0
t244,0.2,0.0,0.2,1.8,1.0
t245,0.2,0.0,0.2,1.8,1.0
t246,0.2,0.0,0.2,1.8,1.0
t247,0.2,0.0,0.2,1.8,1.0
t248,0.2,0.0,0.2,1.8,1.0
t249,0.2,0.0,0.2,1.8,1.0
t250,1.73,0.0,0.2,1.8,1.0
t251,1.8,0.0,0.2,1.8,1.0
t252,1.8,0.0,0.2,1.8,1.0
t253,1.8,0.0,0.2,1.8,1.0
t254,1.8,1.3662115388211618,0.2,1.8,1.0
t255,1.8,0.0,0.2,1.8,1.0
t256,1.8,0.0,0.2,1.8,1.0
t257,1.8,0.0,0.2,1.8,1.0
t258,1.8,0.0,0.2,1.8,1.0
t259,0.2,-0.15432210721698425,0.2,1.8,1.0
t260,0.2,0.0,0.2,1.8,1.0
t261,0.2,0.0,0.2,1.8,1.0
t262,0.2,0.0,0.2,1.8,1.0
t263,0.2,0.0,0.2,1.8,1.0
t264,0.2,0.0,0.2,1.8,1.0
t265,0.2,-1.2880777237980965,0.2,1.8,1.0
t266,0.2,0.0,0.2,1.8,1.0
t267,0.2,0.0,0.2,1.8,1.0
t268,0.2,0.0,0.2,1.8,1.0
t269,0.2,0.0,0.2,1.8,1.0
t270,0.2,0.0,0.2,1.8,1.0
t271,0.2,0.0,0.2,1.8,1.0
t272,0.2,0.0,0.2,1.8,1.0
t273,0.2,0.0,0.2,1.8,1.0
t274,1.73,0.0,0.2,1.8,1.0
t275,1.8,1.4507075824786568,0.2,1.8,1.0
t276,1.8,0.0,0.2,1.8,1.0
t277,1.8,0.0,0.2,1.8,1.0
t278,1.8,0.0,0.2,1.8,1.0
t279,1.8,0.0,0.2,1.8,1.0
t280,1.8,0.0,0.2,1.8,1.0
t281,1.8,0.0,0.2,1.8,1.0
t282,1.8,0.0,0.2,1.8,1.0
t283,1.8,0.0,0.2,1.8,1.0
t284,1.8,0.0355122131674932,0.2,1.8,1.0
t285,0.2,0.0,0.2,1.8,1.0
t286,0.2,0.0,0.2,1.8,1.0
t287,0.2,0.0,0.2,1.8,1.0
t288,0.2,0.0,0.2,1.8,1.0
t289,0.2,0.0,0.2,1.8,1.0
t290,0.2,0.0,0.2,1.8,1.0
t291,0.2,0.0,0.2,1.8,1.0
t292,0.2,0.0,0.2,1.8,1.0
t293,0.2,0.0,0.2,1.8,1.0
t294,0.2,-1.2153187833429229,0.2,1.8,1.0
t295,0.2,0.0,0.2,1.8,1.0
t296,0.2,0.0,0.2,1.8,1.0
t297,0.2,0.0,0.2,1.8,1.0
t298,1.73,0.0,0.2,1.8,1.0
t299,1.8,0.0,0.2,1.8,1.0
t300,1.8,0.0,0.2,1.8,1.0
t301,1.8,0.0,0.2,1.8,1.0
t302,1.8,0.0,0.2,1.8,1.0
t303,1.8,0.0,0.2,1.8,1.0
t304,1.8,1.1533270568178438,0.2,1.8,1.0
t305,1.8,0.0,0.2,1.8,1.0
t306,1.8,0.0,0.2,1.8,1.0
t307,0.2,-0.1885669220580155,0.2,1.8,1.0
t308,0.2,0.0,0.2,1.8,1.0
t309,0.2,0.0,0.2,1.8,1.0
t310,0.2,0.0,0.2,1.8,1.0
t311,0.2,0.0,0.2,1.8,1.0
t312,0.2,0.0,0.2,1.8,1.0
t313,0.2,0.0,0.2,1.8,1.0
t314,0.2,0.0,0.2,1.8,1.0
t315,0.2,0.0,0.2,1.8,1.0
t316,0.2,0.0,0.2,1.8,1.0
t317,0.2,0.0,0.2,1.8,1.0
t318,0.2,0.0,0.2,1.8,1.0
t319,0.2,-1.0022649260891825,0.2,1.8,1.0
t320,0.2,0.0,0.2,1.8,1.0
t321,0.2,0.0,0.2,1.8,1.0
t322,1.73,0.0,0.2,1.8,1.0
t323,1.8,1.338031513723081,0.2,1.8,1.0
t324,1.8,0.0,0.2,1.8,1.0
t325,1.8,0.0,0.2,1.8,1.0
t326,1.8,0.0,0.2,1.8,1.0
t327,1.8,0.0,0.2,1.8,1.0
t328,1.8,0.0,0.2,1.8,1.0
t329,1.8,0.0,0.2,1.8,1.0
t330,1.8,0.0,0.2,1.8,1.0
t331,0.2,-0.3320391503314255,0.2,1.8,1.0
t332,0.2,0.0,0.2,1.8,1.0
t333,0.2,0.0,0.2,1.8,1.0
t334,0.2,-1.0351665692845131,0.2,1.8,1.0
t335,0.2,0.0,0.2,1.8,1.0
t336,0.2,0.0,0.2,1.8,1.0
t337,0.2,0.0,0.2,1.8,1.0
t338,0.2,0.0,0.2,1.8,1.0
t339,0.2,0.0,0.2,1.8,1.0
t340,0.2,0.0,0.2,1.8,1.0
t341,0.2,0.0,0.2,1.8,1.0
t342,0.2,0.0,0.2,1.8,1.0
t343,0.2,0.0,0.2,1.8,1.0
t344,0.2,0.0,0.2,1.8,1.0
t345,0.2,0.0,0.2,1.8,1.0
t346,1.73,0.0,0.2,1.8,1.0
t347,1.8,0.0,0.2,1.8,1.0
t348,1.8,0.0,0.2,1.8,1.0
t349,1.8,0.0,0.2,1.8,1.0
t350,1.8,0.0,0.2,1.8,1.0
t351,1.8,0.0,0.2,1.8,1.0
t352,1.8,1.7919285528299014,0.2,1.8,1.0
t353,1.8,0.0,0.2,1.8,1.0
t354,1.8,0.0,0.2,1.8,1.0
t355,0.2,-0.7519332211021066,0.2,1.8,1.0
t356,0.2,0.0,0.2,1.8,1.0
t357,0.2,0.0,0.2,1.8,1.0
t358,0.2,0.0,0.2,1.8,1.0
t359,0.2,0.0,0.2,1.8,1.0
t360,0.2,0.0,0.2,1.8,1.0
t361,0.2,0.0,0.2,1.8,1.0
t362,0.2,0.0,0.2,1.8,1.0
t363,0.2,0.0,0.2,1.8,1.0
t364,0.2,0.0,0.2,1.8,1.0
t365,0.2,-1.0017817678108543,0.2,1.8,1.0
t366,0.2,0.0,0.2,1.8,1.0
t367,0.2,0.0,0.2,1.8,1.0
t368,0.2,0.0,0.2,1.8,1.0
t369,0.2,0.0,0.2,1.8,1.0
t370,1.73,0.0,0.2,1.8,1.0
t371,1.8,0.0,0.2,1.8,1.0
t372,1.8,0.0,0.2,1.8,1.0
t373,1.8,1.2229507277285876,0.2,1.8,1.0
t374,1.8,0.0,0.2,1.8,1.0
t375,1.8,0.0,0.2,1.8,1.0
t376,1.8,0.0,0.2,1.8,1.0
t377,1.8,0.0,0.2,1.8,1.0
t378,1.8,0.0,0.2,1.8,1.0
t379,0.2,-0.177464212947271,0.2,1.8,1.0
t380,0.2,0.0,0.2,1.8,1.0
t381,0.2,0.0,0.2,1.8,1.0
t382,0.2,0.0,0.2,1.8,1.0
t383,0.2,0.0,0.2,1.8,1.0
t384,0.2,0.0,0.2,1.8,1.0
t385,0.2,0.0,0.2,1.8,1.0
t386,0.2,0.0,0.2,1.8,1.0
t387,0.2,0.0,0.2,1.8,1.0
t388,0.2,0.0,0.2,1.8,1.0
t389,0.2,-1.2647615631766627,0.2,1.8,1.0
t390,0.2,0.0,0.2,1.8,1.0
t391,0.2,0.0,0.2,1.8,1.0
t392,0.2,0.0,0.2,1.8,1.0
t393,0.2,0.0,0.2,1.8,1.0
t394,1.73,0.0,0.2,1.8,1.0
t395,1.8,1.6077361676513817,0.2,1.8,1.0
t396,1.8,0.0,0.2,1.8,1.0
t397,1.8,0.0,0.2,1.8,1.0
t398,1.8,0.0,0.2,1.8,1.0
t399,1.8,0.0,0.2,1.8,1.0
t400,1.8,0.0,0.2,1.8,1.0
t401,1.8,0.0,0.2,1.8,1.0
t402,1.8,0.0,0.2,1.8,1.0
t403,0.2,-0.37795659746387855,0.2,1.8,1.0
t404,0.2,0.0,0.2,1.8,1.0
t405,0.2,0.0,0.2,1.8,1.0
t406,0.2,0.0,0.2,1.8,1.0
t407,0.2,0.0,0.2,1.8,1.0
t408,0.2,0.0,0.2,1.8,1.0
t409,0.2,0.0,0.2,1.8,1.0
t410,0.2,0.0,0.2,1.8,1.0
t411,0.2,0.0,0.2,1.8,1.0
t412,0.2,-1.1974666128794098,0.2,1.8,1.0
t413,0.2,0.0,0.2,1.8,1.0
t414,0.2,0.0,0.2,1.8,1.0
t415,0.2,0.0,0.2,1.8,1.0
t416,0.2,0.0,0.2,1.8,1.0
t417,0.2,0.0,0.2,1.8,1.0
t418,1.73,0.0,0.2,1.8,1.0
t419,1.8,1.4679119980834514,0.2,1.8,1.0
t420,1.8,0.0,0.2,1.8,1.0
t421,1.8,0.0,0.2,1.8,1.0
t422,1.8,0.0,0.2,1.8,1.0
t423,1.8,0.0,0.2,1.8,1.0
t424,1.8,0.0,0.2,1.8,1.0
t425,1.8,0.0,0.2,1.8,1.0
t426,1.8,0.0,0.2,1.8,1.0
t427,0.2,-0.37929336164800986,0.2,1.8,1.0
t428,0.2,0.0,0.2,1.8,1.0
t429,0.2,0.0,0.2,1.8,1.0
t430,0.2,0.0,0.2,1.8,1.0
t431,0.2,0.0,0.2,1.8,1.0
t432,0.2,0.0,0.2,1.8,1.0
t433,0.2,0.0,0.2,1.8,1.0
t434,0.2,0.0,0.2,1.8,1.0
t435,0.2,0.0,0.2,1.8,1.0
t436,0.2,0.0,0.2,1.8,1.0
t437,0.2,0.0,0.2,1.8,1.0
t438,0.2,0.0,0.2,1.8,1.0
t439,0.2,-1.0428550261056557,0.2,1.8,1.0
t440,0.2,0.0,0.2,1.8,1.0
t441,0.2,0.0,0.2,1.8,1.0
t442,1.73,0.0,0.2,1.8,1.0
t443,1.8,1.4556356932727255,0.2,1.8,1.0
t444,1.8,0.0,0.2,1.8,1.0
t445,1.8,0.0,0.2,1.8,1.0
t446,1.8,0.0,0.2,1.8,1.0
t447,1.8,0.0,0.2,1.8,1.0
t448,1.8,0.0,0.2,1.8,1.0
t449,1.8,0.0,0.2,1.8,1.0
t450,1.8,0.0,0.2,1.8,1.0
t451,0.2,-0.259704623097619,0.2,1.8,1.0
t452,0.2,0.0,0.2,1.8,1.0
t453,0.2,0.0,0.2,1.8,1.0
t454,0.2,0.0,0.2,1.8,1.0
t455,0.2,0.0,0.2,1.8,1.0
t456,0.2,0.0,0.2,1.8,1.0
t457,0.2,0.0,0.2,1.8,1.0
t458,0.2,-1.1375857209867348,0.2,1.8,1.0
t459,0.2,0.0,0.2,1.8,1.0
t460,0.2,0.0,0.2,1.8,1.0
t461,0.2,0.0,0.2,1.8,1.0
t462,0.2,0.0,0.2,1.8,1.0
t463,0.2,0.0,0.2,1.8,1.0
t464,0.2,0.0,0.2,1.8,1.0
t465,0.2,0.0,0.2,1.8,1.0
t466,1.73,0.0,0.2,1.8,1.0
t467,1.8,1.3543169152283099,0.2,1.8,1.0
t468,1.8,0.0,0.2,1.8,1.0
t469,1.8,0.0,0.2,1.8,1.0
t470,1.8,0.0,0.2,1.8,1.0
t471,1.8,0.0,0.2,1.8,1.0
t472,1.8,0.0,0.2,1.8,1.0
t473,1.8,0.0,0.2,1.8,1.0
t474,1.8,0.0,0.2,1.8,1.0
t475,0.2,-0.2436537640412979,0.2,1.8,1.0
t476,0.2,0.0,0.2,1.8,1.0
t477,0.2,0.0,0.2,1.8,1.0
t478,0.2,0.0,0.2,1.8,1.0
t479,0.2,0.0,0.2,1.8,1.0
t480,0.2,0.0,0.2,1.8,1.0
t481,0.2,0.0,0.2,1.8,1.0
t482,0.2,0.0,0.2,1.8,1.0
t483,0.2,0.0,0.2,1.8,1.0
t484,0.2,-1.2332493493315155,0.2,1.8,1.0
t485,0.2,0.0,0.2,1.8,1.0
t486,0.2,0.0,0.2,1.8,1.0
t487,0.2,0.0,0.2,1.8,1.0
t488,0.2,0.0,0.2,1.8,1.0
t489,0.2,0.0,0.2,1.8,1.0
t490,1.73,0.0,0.2,1.8,1.0
t491,1.8,0.0,0.2,1.8,1.0
t492,1.8,0.0,0.2,1.8,1.0
t493,1.8,0.0,0.2,1.8,1.0
t494,1.8,0.0,0.2,1.8,1.0
t495,1.8,0.0,0.2,1.8,1.0
t496,1.8,0.0,0.2,1.8,1.0
t497,1.8,1.6582209576012445,0.2,1.8,1.0
t498,1.8,0.0,0.2,1.8,1.0
t499,0.2,-0.461442330729966,0.2,1.8,1.0
t500,0.2,0.0,0.2,1.8,1.0
t501,0.2,0.0,0.2,1.8,1.0
t502,0.2,0.0,0.2,1.8,1.0
t503,0.2,0.0,0.2,1.8,1.0
t504,0.2,0.0,0.2,1.8,1.0
t505,0.2,0.0,0.2,1.8,1.0
t506,0.2,-1.1646564456615067,0.2,1.8,1.0
t507,0.2,0.0,0.2,1.8,1.0
t508,0.2,0.0,0.2,1.8,1.0
t509,0.2,0.0,0.2,1.8,1.0
t510,0.2,0.0,0.2,1.8,1.0
t511,0.2,0.0,0.2,1.8,1.0
t512,0.2,0.0,0.2,1.8,1.0
t513,0.2,0.0,0.2,1.8,1.0
t514,1.73,0.0,0.2,1.8,1.0
t515,1.8,0.0,0.2,1.8,1.0
t516,1.8,0.0,0.2,1.8,1.0
t517,1.8,0.0,0.2,1.8,1.0
t518,1.8,0.0,0.2,1.8,1.0
t519,1.8,0.0,0.2,1.8,1.0
t520,1.8,1.4653892526853554,0.2,1.8,1.0
t521,1.8,0.0,0.2,1.8,1.0
t522,1.8,0.0,0.2,1.8,1.0
t523,0.2,0.0,0.2,1.8,1.0
t524,0.2,-0.32573314440212187,0.2,1.8,1.0
t525,0.2,0.0,0.2,1.8,1.0
t526,0.2,0.0,0.2,1.8,1.0
t527,0.2,0.0,0.2,1.8,1.0
t528,0.2,0.0,0.2,1.8,1.0
t529,0.2,0.0,0.2,1.8,1.0
t530,0.2,0.0,0.2,1.8,1.0
t531,0.2,-1.0436576896739922,0.2,1.8,1.0
t532,0.2,0.0,0.2,1.8,1.0
t533,0.2,0.0,0.2,1.8,1.0
t534,0.2,0.0,0.2,1.8,1.0
t535,0.2,0.0,0.2,1.8,1.0
t536,0.2,0.0,0.2,1.8,1.0
t537,0.2,0.0,0.2,1.8,1.0
t538,1.73,0.0,0.2,1.8,1.0
t539,1.8,0.0,0.2,1.8,1.0
t540,1.8,0.0,0.2,1.8,1.0
t541,1.8,0.0,0.2,1.8,1.0
t542,1.8,0.0,0.2,1.8,1.0
t543,1.8,0.0,0.2,1.8,1.0
t544,1.8,0.0,0.2,1.8,1.0
t545,1.8,1.485010859756116,0.2,1.8,1.0
t546,1.8,0.0,0.2,1.8,1.0
t547,0.2,-0.4093457526307134,0.2,1.8,1.0
t548,0.2,0.0,0.2,1.8,1.0
t549,0.2,0.0,0.2,1.8,1.0
t550,0.2,0.0,0.2,1.8,1.0
t551,0.2,0.0,0.2,1.8,1.0
t552,0.2,0.0,0.2,1.8,1.0
t553,0.2,0.0,0.2,1.8,1.0
t554,0.2,0.0,0.2,1.8,1.0
t555,0.2,0.0,0.2,1.8,1.0
t556,0.2,0.0,0.2,1.8,1.0
t557,0.2,-1.1146404985471463,0.2,1.8,1.0
t558,0.2,0.0,0.2,1.8,1.0
t559,0.2,0.0,0.2,1.8,1.0
t560,0.2,0.0,0.2,1.8,1.0
t561,0.2,0.0,0.2,1.8,1.0
t562,1.73,0.0,0.2,1.8,1.0
t563,1.8,0.0,0.2,1.8,1.0
t564,1.8,0.0,0.2,1.8,1.0
t565,1.8,0.0,0.2,1.8,1.0
t566,1.8,0.0,0.2,1.8,1.0
t567,1.8,0.0,0.2,1.8,1.0
t568,1.8,1.3701202686737872,0.2,1.8,1.0
t569,1.8,0.0,0.2,1.8,1.0
t570,1.8,0.0,0.2,1.8,1.0
t571,0.2,-0.29941168119648864,0.2,1.8,1.0
t572,0.2,0.0,0.2,1.8,1.0
t573,0.2,0.0,0.2,1.8,1.0
t574,0.2,0.0,0.2,1.8,1.0
t575,0.2,0.0,0.2,1.8,1.0
t576,0.2,0.0,0.2,1.8,1.0
t577,0.2,-1.1429324686181133,0.2,1.8,1.0
t578,0.2,0.0,0.2,1.8,1.0
t579,0.2,0.0,0.2,1.8,1.0
t580,0.2,0.0,0.2,1.8,1.0
t581,0.2,0.0,0.2,1.8,1.0
t582,0.2,0.0,0.2,1.8,1.0
t583,0.2,0.0,0.2,1.8,1.0
t584,0.2,0.0,0.2,1.8,1.0
t585,0.2,0.0,0.2,1.8,1.0
t586,1.73,0.0,0.2,1.8,1.0
t587,1.8,1.3903854922029666,0.2,1.8,1.0
t588,1.8,0.0,0.2,1.8,1.0
t589,1.8,0.0,0.2,1.8,1.0
t590,1.8,0.0,0.2,1.8,1.0
t591,1.8,0.0,0.2,1.8,1.0
t592,1.8,0.0,0.2,1.8,1.0
t593,1.8,0.0,0.2,1.8,1.0
t594,1.8,0.0,0.2,1.8,1.0
t595,0.2,-0.2199657989207111,0.2,1.8,1.0
t596,0.2,0.0,0.2,1.8,1.0
t597,0.2,0.0,0.2,1.8,1.0
t598,0.2,0.0,0.2,1.8,1.0
t599,0.2,0.0,0.2,1.8,1.0
t600,0.2,0.0,0.2,1.8,1.0
t601,0.2,0.0,0.2,1.8,1.0
t602,0.2,0.0,0.2,1.8,1.0
t603,0.2,0.0,0.2,1.8,1.0
t604,0.2,0.0,0.2,1.8,1.0
t605,0.2,-0.9540099191645908,0.2,1.8,1.0
t606,0.2,0.0,0.2,1.8,1.0
t607,0.2,0.0,0.2,1.8,1.0
t608,0.2,0.0,0.2,1.8,1.0
t609,0.2,0.0,0.2,1.8,1.0
t610,1.73,0.0,0.2,1.8,1.0
t611,1.8,1.2659776146398087,0.2,1.8,1.0
t612,1.8,0.0,0.2,1.8,1.0
t613,1.8,0.0,0.2,1.8,1.0
t614,1.8,0.0,0.2,1.8,1.0
t615,1.8,0.0,0.2,1.8,1.0
t616,1.8,0.0,0.2,1.8,1.0
t617,1.8,0.0,0.2,1.8,1.0
t618,1.8,0.0,0.2,1.8,1.0
t619,0.2,-0.31016080550354275,0.2,1.8,1.0
t620,0.2,0.0,0.2,1.8,1.0
t621,0.2,0.0,0.2,1.8,1.0
t622,0.2,0.0,0.2,1.8,1.0
t623,0.2,0.0,0.2,1.8,1.0
t624,0.2,0.0,0.2,1.8,1.0
t625,0.2,0.0,0.2,1.8,1.0
t626,0.2,0.0,0.2,1.8,1.0
t627,0.2,0.0,0.2,1.8,1.0
t628,0.2,0.0,0.2,1.8,1.0
t629,0.2,-0.9290151620495379,0.2,1.8,1.0
t630,0.2,0.0,0.2,1.8,1.0
t631,0.2,0.0,0.2,1.8,1.0
t632,0.2,0.0,0.2,1.8,1.0
t633,0.2,0.0,0.2,1.8,1.0
t634,1.73,0.0,0.2,1.8,1.0
t635,1.8,0.0,0.2,1.8,1.0
t636,1.8,0.0,0.2,1.8,1.0
t637,1.8,0.0,0.2,1.8,1.0
t638,1.8,0.0,0.2,1.8,1.0
t639,1.8,0.0,0.2,1.8,1.0
t640,1.8,0.0,0.2,1.8,1.0
t641,1.8,1.1720186226201719,0.2,1.8,1.0
t642,1.8,0.0,0.2,1.8,1.0
t643,0.2,-0.11993312776128562,0.2,1.8,1.0
t644,0.2,0.0,0.2,1.8,1.0
t645,0.2,0.0,0.2,1.8,1.0
t646,0.2,0.0,0.2,1.8,1.0
t647,0.2,0.0,0.2,1.8,1.0
t648,0.2,0.0,0.2,1.8,1.0
t649,0.2,0.0,0.2,1.8,1.0
t650,0.2,0.0,0.2,1.8,1.0
t651,0.2,0.0,0.2,1.8,1.0
t652,0.2,0.0,0.2,1.8,1.0
t653,0.2,-1.2502931602528662,0.2,1.8,1.0
t654,0.2,0.0,0.2,1.8,1.0
t655,0.2,0.0,0.2,1.8,1.0
t656,0.2,0.0,0.2,1.8,1.0
t657,0.2,0.0,0.2,1.8,1.0
t658,1.73,0.0,0.2,1.8,1.0
t659,1.8,0.0,0.2,1.8,1.0
t660,1.8,0.0,0.2,1.8,1.0
t661,1.8,0.0,0.2,1.8,1.0
t662,1.8,0.0,0.2,1.8,1.0
t663,1.8,1.4822342476913803,0.2,1.8,1.0
t664,1.8,0.0,0.2,1.8,1.0
t665,1.8,0.0,0.2,1.8,1.0
t666,1.8,0.0,0.2,1.8,1.0
t667,0.2,-0.3200790918435956,0.2,1.8,1.0
t668,0.2,0.0,0.2,1.8,1.0
t669,0.2,0.0,0.2,1.8,1.0
t670,0.2,0.0,0.2,1.8,1.0
t671,0.2,0.0,0.2,1.8,1.0
t672,0.2,0.0,0.2,1.8,1.0
t673,0.2,-0.8923376478917646,0.2,1.8,1.0
t674,0.2,0.0,0.2,1.8,1.0
t675,0.2,0.0,0.2,1.8,1.0
t676,0.2,0.0,0.2,1.8,1.0
t677,0.2,0.0,0.2,1.8,1.0
t678,0.2,0.0,0.2,1.8,1.0
t679,0.2,0.0,0.2,1.8,1.0
t680,0.2,0.0,0.2,1.8,1.0
t681,0.2,0.0,0.2,1.8,1.0
t682,1.73,0.0,0.2,1.8,1.0
t683,1.8,0.0,0.2,1.8,1.0
t684,1.8,0.0,0.2,1.8,1.0
t685,1.8,0.0,0.2,1.8,1.0
t686,1.8,0.0,0.2,1.8,1.0
t687,1.8,0.0,0.2,1.8,1.0
t688,1.8,0.0,0.2,1.8,1.0
t689,1.8,1.1131077053861702,0.2,1.8,1.0
t690,1.8,0.0,0.2,1.8,1.0
t691,0.2,-0.07885786857656285,0.2,1.8,1.0
t692,0.2,0.0,0.2,1.8,1.0
t693,0.2,-1.2774478181768387,0.2,1.8,1.0
t694,0.2,0.0,0.2,1.8,1.0
t695,0.2,0.0,0.2,1.8,1.0
t696,0.2,0.0,0.2,1.8,1.0
t697,0.2,0.0,0.2,1.8,1.0
t698,0.2,0.0,0.2,1.8,1.0
t699,0.2,0.0,0.2,1.8,1.0
t700,0.2,0.0,0.2,1.8,1.0
t701,0.2,0.0,0.2,1.8,1.0
t702,0.2,0.0,0.2,1.8,1.0
t703,0.2,0.0,0.2,1.8,1.0
t704,0.2,0.0,0.2,1.8,1.0
t705,0.2,0.0,0.2,1.8,1.0
t706,1.73,0.0,0.2,1.8,1.0
t707,1.8,0.0,0.2,1.8,1.0
t708,1.8,0.0,0.2,1.8,1.0
t709,1.8,0.0,0.2,1.8,1.0
t710,1.8,0.0,0.2,1.8,1.0
t711,1.8,1.4538752439660243,0.2,1.8,1.0
t712,1.8,0.0,0.2,1.8,1.0
t713,1.8,0.0,0.2,1.8,1.0
t714,1.8,0.0,0.2,1.8,1.0
t715,0.2,-0.3318647702060247,0.2,1.8,1.0
t716,0.2,0.0,0.2,1.8,1.0
t717,0.2,0.0,0.2,1.8,1.0
t718,0.2,0.0,0.2,1.8,1.0
t719,0.2,-0.8166558975888023,0.2,1.8,1.0
t720,0.2,0.0,0.2,1.8,1.0
t721,0.2,0.0,0.2,1.8,1.0
t722,0.2,0.0,0.2,1.8,1.0
t723,0.2,0.0,0.2,1.8,1.0
t724,0.2,0.0,0.2,1.8,1.0
t725,0.2,0.0,0.2,1.8,1.0
t726,0.2,0.0,0.2,1.8,1.0
t727,0.2,0.0,0.2,1.8,1.0
t728,0.2,0.0,0.2,1.8,1.0
t729,0.2,0.0,0.2,1.8,1.0
t730,1.73,0.0,0.2,1.8,1.0
t731,1.8,0.0,0.2,1.8,1.0
t732,1.8,0.0,0.2,1.8,1.0
t733,1.8,0.0,0.2,1.8,1.0
t734,1.8,1.0208646775531633,0.2,1.8,1.0
t735,1.8,0.0,0.2,1.8,1.0
t736,1.8,0.0,0.2,1.8,1.0
t737,1.8,0.0,0.2,1.8,1.0
t738,1.8,0.0,0.2,1.8,1.0
t739,0.2,-0.1779827682491657,0.2,1.8,1.0
t740,0.2,0.0,0.2,1.8,1.0
t741,0.2,0.0,0.2,1.8,1.0
t742,0.2,0.0,0.2,1.8,1.0
t743,0.2,-0.8121237518189588,0.2,1.8,1.0
t744,0.2,0.0,0.2,1.8,1.0
t745,0.2,0.0,0.2,1.8,1.0
t746,0.2,0.0,0.2,1.8,1.0
t747,0.2,0.0,0.2,1.8,1.0
t748,0.2,0.0,0.2,1.8,1.0
t749,0.2,0.0,0.2,1.8,1.0
t750,0.2,0.0,0.2,1.8,1.0
t751,0.2,0.0,0.2,1.8,1.0
t752,0.2,0.0,0.2,1.8,1.0
t753,0.2,0.0,0.2,1.8,1.0
t754,1.73,0.0,0.2,1.8,1.0
t755,1.8,0.0,0.2,1.8,1.0
t756,1.8,0.0,0.2,1.8,1.0
t757,1.8,0.0,0.2,1.8,1.0
t758,1.8,0.0,0.2,1.8,1.0
t759,1.8,0.0,0.2,1.8,1.0
t760,1.8,0.0,0.2,1.8,1.0
t761,1.8,1.0118696144714505,0.2,1.8,1.0
t762,1.8,0.0,0.2,1.8,1.0
t763,0.2,-0.27089777437720386,0.2,1.8,1.0
t764,0.2,0.0,0.2,1.8,1.0
t765,0.2,0.0,0.2,1.8,1.0
t766,0.2,0.0,0.2,1.8,1.0
t767,0.2,0.0,0.2,1.8,1.0
t768,0.2,0.0,0.2,1.8,1.0
t769,0.2,0.0,0.2,1.8,1.0
t770,0.2,0.0,0.2,1.8,1.0
t771,0.2,-1.0072198692204068,0.2,1.8,1.0
t772,0.2,0.0,0.2,1.8,1.0
t773,0.2,0.0,0.2,1.8,1.0
t774,0.2,0.0,0.2,1.8,1.0
t775,0.2,0.0,0.2,1.8,1.0
t776,0.2,0.0,0.2,1.8,1.0
t777,0.2,0.0,0.2,1.8,1.0
t778,1.73,0.0,0.2,1.8,1.0
t779,1.8,0.0,0.2,1.8,1.0
t780,1.8,0.0,0.2,1.8,1.0
t781,1.8,0.0,0.2,1.8,1.0
t782,1.8,1.3307426696047173,0.2,1.8,1.0
t783,1.8,0.0,0.2,1.8,1.0
t784,1.8,0.0,0.2,1.8,1.0
t785,1.8,0.0,0.2,1.8,1.0
t786,1.8,0.0,0.2,1.8,1.0
t787,0.2,-0.33528444930311707,0.2,1.8,1.0
t788,0.2,0.0,0.2,1.8,1.0
t789,0.2,0.0,0.2,1.8,1.0
t790,0.2,0.0,0.2,1.8,1.0
t791,0.2,0.0,0.2,1.8,1.0
t792,0.2,0.0,0.2,1.8,1.0
t793,0.2,-1.132731097527298,0.2,1.8,1.0
t794,0.2,0.0,0.2,1.8,1.0
t795,0.2,0.0,0.2,1.8,1.0
t796,0.2,0.0,0.2,1.8,1.0
t797,0.2,0.0,0.2,1.8,1.0
t798,0.2,0.0,0.2,1.8,1.0
t799,0.2,0.0,0.2,1.8,1.0
t800,0.2,0.0,0.2,1.8,1.0
t801,0.2,0.0,0.2,1.8,1.0
t802,1.73,0.0,0.2,1.8,1.0
t803,1.8,0.0,0.2,1.8,1.0
t804,1.8,0.0,0.2,1.8,1.0
t805,1.8,0.0,0.2,1.8,1.0
t806,1.8,0.0,0.2,1.8,1.0
t807,1.8,0.0,0.2,1.8,1.0
t808,1.8,0.0,0.2,1.8,1.0
t809,1.8,1.7095515208271337,0.2,1.8,1.0
t810,1.8,0.0,0.2,1.8,1.0
t811,0.2,-0.5427501890734021,0.2,1.8,1.0
t812,0.2,0.0,0.2,1.8,1.0
t813,0.2,0.0,0.2,1.8,1.0
t814,0.2,0.0,0.2,1.8,1.0
t815,0.2,0.0,0.2,1.8,1.0
t816,0.2,0.0,0.2,1.8,1.0
t817,0.2,-1.1269084364085984,0.2,1.8,1.0
t818,0.2,0.0,0.2,1.8,1.0
t819,0.2,0.0,0.2,1.8,1.0
t820,0.2,0.0,0.2,1.8,1.0
t821,0.2,0.0,0.2,1.8,1.0
t822,0.2,0.0,0.2,1.8,1.0
t823,0.2,0.0,0.2,1.8,1.0
t824,0.2,0.0,0.2,1.8,1.0
t825,0.2,0.0,0.2,1.8,1.0
t826,1.73,0.0,0.2,1.8,1.0
t827,1.8,0.0,0.2,1.8,1.0
t828,1.8,0.0,0.2,1.8,1.0
t829,1.8,0.0,0.2,1.8,1.0
t830,1.8,0.0,0.2,1.8,1.0
t831,1.8,0.0,0.2,1.8,1.0
t832,1.8,0.0,0.2,1.8,1.0
t833,1.8,1.4269040441814553,0.2,1.8,1.0
t834,1.8,0.0,0.2,1.8,1.0
t835,0.2,-0.19344409050901845,0.2,1.8,1.0
t836,0.2,0.0,0.2,1.8,1.0
t837,0.2,0.0,0.2,1.8,1.0
t838,0.2,0.0,0.2,1.8,1.0
t839,0.2,0.0,0.2,1.8,1.0
t840,0.2,0.0,0.2,1.8,1.0
t841,0.2,0.0,0.2,1.8,1.0
t842,0.2,0.0,0.2,1.8,1.0
t843,0.2,-1.0877910297566018,0.2,1.8,1.0
t844,0.2,0.0,0.2,1.8,1.0
t845,0.2,0.0,0.2,1.8,1.0
t846,0.2,0.0,0.2,1.8,1.0
t847,0.2,0.0,0.2,1.8,1.0
t848,0.2,0.0,0.2,1.8,1.0
t849,0.2,0.0,0.2,1.8,1.0
t850,1.73,0.0,0.2,1.8,1.0
t851,1.8,0.0,0.2,1.8,1.0
t852,1.8,0.0,0.2,1.8,1.0
t853,1.8,1.2699928463952972,0.2,1.8,1.0
t854,1.8,0.0,0.2,1.8,1.0
t855,1.8,0.0,0.2,1.8,1.0
t856,1.8,0.0,0.2,1.8,1.0
t857,1.8,0.0,0.2,1.8,1.0
t858,1.8,0.0,0.2,1.8,1.0
t859,0.2,-0.10706070568070913,0.2,1.8,1.0
t860,0.2,0.0,0.2,1.8,1.0
t861,0.2,0.0,0.2,1.8,1.0
t862,0.2,0.0,0.2,1.8,1.0
t863,0.2,-1.2034049244159633,0.2,1.8,1.0
t864,0.2,0.0,0.2,1.8,1.0
t865,0.2,0.0,0.2,1.8,1.0
t866,0.2,0.0,0.2,1.8,1.0
t867,0.2,0.0,0.2,1.8,1.0
t868,0.2,0.0,0.2,1.8,1.0
t869,0.2,0.0,0.2,1.8,1.0
t870,0.2,0.0,0.2,1.8,1.0
t871,0.2,0.0,0.2,1.8,1.0
t872,0.2,0.0,0.2,1.8,1.0
t873,0.2,0.0,0.2,1.8,1.0
t874,1.73,0.0,0.2,1.8,1.0
t875,1.8,0.0,0.2,1.8,1.0
t876,1.8,0.0,0.2,1.8,1.0
t877,1.8,0.0,0.2,1.8,1.0
t878,1.8,1.3347052677027733,0.2,1.8,1.0
t879,1.8,0.0,0.2,1.8,1.0
t880,1.8,0.0,0.2,1.8,1.0
t881,1.8,0.0,0.2,1.8,1.0
t882,1.8,0.0,0.2,1.8,1.0
t883,0.2,-0.2650229788249874,0.2,1.8,1.0
t884,0.2,0.0,0.2,1.8,1.0
t885,0.2,0.0,0.2,1.8,1.0
t886,0.2,0.0,0.2,1.8,1.0
t887,0.2,0.0,0.2,1.8,1.0
t888,0.2,0.0,0.2,1.8,1.0
t889,0.2,0.0,0.2,1.8,1.0
t890,0.2,0.0,0.2,1.8,1.0
t891,0.2,-1.1288076554357218,0.2,1.8,1.0
t892,0.2,0.0,0.2,1.8,1.0
t893,0.2,0.0,0.2,1.8,1.0
t894,0.2,0.0,0.2,1.8,1.0
t895,0.2,0.0,0.2,1.8,1.0
t896,0.2,0.0,0.2,1.8,1.0
t897,0.2,0.0,0.2,1.8,1.0
t898,1.73,0.0,0.2,1.8,1.0
t899,1.8,0.0,0.2,1.8,1.0
t900,1.8,0.0,0.2,1.8,1.0
t901,1.8,0.0,0.2,1.8,1.0
t902,1.8,0.0,0.2,1.8,1.0
t903,1.8,1.4535354778892753,0.2,1.8,1.0
t904,1.8,0.0,0.2,1.8,1.0
t905,1.8,0.0,0.2,1.8,1.0
t906,1.8,0.0,0.2,1.8,1.0
t907,0.2,0.0,0.2,1.8,1.0
t908,0.2,-0.3194071232642415,0.2,1.8,1.0
t909,0.2,-1.106193143229575,0.2,1.8,1.0
t910,0.2,0.0,0.2,1.8,1.0
t911,0.2,0.0,0.2,1.8,1.0
t912,0.2,0.0,0.2,1.8,1.0
t913,0.2,0.0,0.2,1.8,1.0
t914,0.2,0.0,0.2,1.8,1.0
t915,0.2,0.0,0.2,1.8,1.0
t916,0.2,0.0,0.2,1.8,1.0
t917,0.2,0.0,0.2,1.8,1.0
t918,0.2,0.0,0.2,1.8,1.0
t919,0.2,0.0,0.2,1.8,1.0
t920,0.2,0.0,0.2,1.8,1.0
t921,0.2,0.0,0.2,1.8,1.0
t922,1.73,0.0,0.2,1.8,1.0
t923,1.8,1.611227642648302,0.2,1.8,1.0
t924,1.8,0.0,0.2,1.8,1.0
t925,1.8,0.0,0.2,1.8,1.0
t926,1.8,0.0,0.2,1.8,1.0
t927,1.8,0.0,0.2,1.8,1.0
t928,1.8,0.0,0.2,1.8,1.0
t929,1.8,0.0,0.2,1.8,1.0
t930,1.8,0.0,0.2,1.8,1.0
t931,0.2,-0.4856010533479349,0.2,1.8,1.0
t932,0.2,0.0,0.2,1.8,1.0
t933,0.2,0.0,0.2,1.8,1.0
t934,0.2,0.0,0.2,1.8,1.0
t935,0.2,0.0,0.2,1.8,1.0
t936,0.2,0.0,0.2,1.8,1.0
t937,0.2,-1.0643735981537787,0.2,1.8,1.0
t938,0.2,0.0,0.2,1.8,1.0
t939,0.2,0.0,0.2,1.8,1.0
t940,0.2,0.0,0.2,1.8,1.0
t941,0.2,0.0,0.2,1.8,1.0
t942,0.2,0.0,0.2,1.8,1.0
t943,0.2,0.0,0.2,1.8,1.0
t944,0.2,0.0,0.2,1.8,1.0
t945,0.2,0.0,0.2,1.8,1.0
t946,1.73,0.0,0.2,1.8,1.0
t947,1.8,0.0,0.2,1.8,1.0
t948,1.8,0.0,0.2,1.8,1.0
t949,1.8,0.0,0.2,1.8,1.0
t950,1.8,0.0,0.2,1.8,1.0
t951,1.8,1.3262932746804097,0.2,1.8,1.0
t952,1.8,0.0,0.2,1.8,1.0
t953,1.8,0.0,0.2,1.8,1.0
t954,1.8,0.0,0.2,1.8,1.0
t955,0.2,-0.3679302585640727,0.2,1.8,1.0
t956,0.2,0.0,0.2,1.8,1.0
t957,0.2,0.0,0.2,1.8,1.0
t958,0.2,0.0,0.2,1.8,1.0
t959,0.2,0.0,0.2,1.8,1.0
t960,0.2,0.0,0.2,1.8,1.0
t961,0.2,0.0,0.2,1.8,1.0
t962,0.2,0.0,0.2,1.8,1.0
t963,0.2,0.0,0.2,1.8,1.0
t964,0.2,-1.0732095748582253,0.2,1.8,1.0
t965,0.2,0.0,0.2,1.8,1.0
t966,0.2,0.0,0.2,1.8,1.0
t967,0.2,0.0,0.2,1.8,1.0
t968,0.2,0.0,0.2,1.8,1.0
t969,0.2,0.0,0.2,1.8,1.0
t970,1.73,0.0,0.2,1.8,1.0
t971,1.8,0.0,0.2,1.8,1.0
t972,1.8,0.0,0.2,1.8,1.0
t973,1.8,0.0,0.2,1.8,1.0
t974,1.8,0.0,0.2,1.8,1.0
t975,1.8,0.0,0.2,1.8,1.0
t976,1.8,0.0,0.2,1.8,1.0
t977,1.8,1.3320462691687425,0.2,1.8,1.0
t978,1.8,0.0,0.2,1.8,1.0
t979,0.2,0.0,0.2,1.8,1.0
t980,0.2,-0.2648141201587322,0.2,1.8,1.0
t981,0.2,0.0,0.2,1.8,1.0
t982,0.2,0.0,0.2,1.8,1.0
t983,0.2,0.0,0.2,1.8,1.0
t984,0.2,0.0,0.2,1.8,1.0
t985,0.2,0.0,0.2,1.8,1.0
t986,0.2,-0.8568269670239204,0.2,1.8,1.0
t987,0.2,0.0,0.2,1.8,1.0
t988,0.2,0.0,0.2,1.8,1.0
t989,0.2,0.0,0.2,1.8,1.0
t990,0.2,0.0,0.2,1.8,1.0
t991,0.2,0.0,0.2,1.8,1.0
t992,0.2,0.0,0.2,1.8,1.0
t993,0.2,0.0,0.2,1.8,1.0
t994,1.73,0.0,0.2,1.8,1.0
t995,1.8,0.0,0.2,1.8,1.0
t996,1.8,0.0,0.2,1.8,1.0
t997,1.8,0.0,0.2,1.8,1.0
t998,1.8,1.3896677744147752,0.2,1.8,1.0
t999,1.8,0.0,0.2,1.8,1.0
t1000,1.8,0.0,0.2,1.8,1.0
t1001,1.8,0.0,0.2,1.8,1.0
t1002,1.8,0.0,0.2,1.8,1.0
t1003,0.2,0.0,0.2,1.8,1.0
t1004,0.2,-0.47905303512358444,0.2,1.8,1.0
t1005,0.2,0.0,0.2,1.8,1.0
t1006,0.2,0.0,0.2,1.8,1.0
t1007,0.2,-1.0912495679695127,0.2,1.8,1.0
t1008,0.2,0.0,0.2,1.8,1.0
t1009,0.2,0.0,0.2,1.8,1.0
t1010,0.2,0.0,0.2,1.8,1.0
t1011,0.2,0.0,0.2,1.8,1.0
t1012,0.2,0.0,0.2,1.8,1.0
t1013,0.2,0.0,0.2,1.8,1.0
t1014,0.2,0.0,0.2,1.8,1.0
t1015,0.2,0.0,0.2,1.8,1.0
t1016,0.2,0.0,0.2,1.8,1.0
t1017,0.2,0.0,0.2,1.8,1.0
t1018,1.73,0.0,0.2,1.8,1.0
t1019,1.8,0.0,0.2,1.8,1.0
t1020,1.8,0.0,0.2,1.8,1.0
t1021,1.8,0.0,0.2,1.8,1.0
t1022,1.8,0.0,0.2,1.8,1.0
t1023,1.8,0.0,0.2,1.8,1.0
t1024,1.8,0.0,0.2,1.8,1.0
t1025,1.8,1.4276305419955406,0.2,1.8,1.0
t1026,1.8,0.0,0.2,1.8,1.0
t1027,0.2,-0.25614402574987594,0.2,1.8,1.0
t1028,0.2,0.0,0.2,1.8,1.0
t1029,0.2,0.0,0.2,1.8,1.0
t1030,0.2,0.0,0.2,1.8,1.0
t1031,0.2,0.0,0.2,1.8,1.0
t1032,0.2,0.0,0.2,1.8,1.0
t1033,0.2,0.0,0.2,1.8,1.0
t1034,0.2,0.0,0.2,1.8,1.0
t1035,0.2,0.0,0.2,1.8,1.0
t1036,0.2,0.0,0.2,1.8,1.0
t1037,0.2,-1.1436561158744638,0.2,1.8,1.0
t1038,0.2,0.0,0.2,1.8,1.0
t1039,0.2,0.0,0.2,1.8,1.0
t1040,0.2,0.0,0.2,1.8,1.0
t1041,0.2,0.0,0.2,1.8,1.0
t1042,1.73,0.0,0.2,1.8,1.0
t1043,1.8,1.3429810221053913,0.2,1.8,1.0
t1044,1.8,0.0,0.2,1.8,1.0
t1045,1.8,0.0,0.2,1.8,1.0
t1046,1.8,0.0,0.2,1.8,1.0
t1047,1.8,0.0,0.2,1.8,1.0
t1048,1.8,0.0,0.2,1.8,1.0
t1049,1.8,0.0,0.2,1.8,1.0
t1050,1.8,0.0,0.2,1.8,1.0
t1051,0.2,-0.2872857063112235,0.2,1.8,1.0
t1052,0.2,0.0,0.2,1.8,1.0
t1053,0.2,0.0,0.2,1.8,1.0
t1054,0.2,0.0,0.2,1.8,1.0
t1055,0.2,0.0,0.2,1.8,1.0
t1056,0.2,0.0,0.2,1.8,1.0
t1057,0.2,0.0,0.2,1.8,1.0
t1058,0.2,0.0,0.2,1.8,1.0
t1059,0.2,0.0,0.2,1.8,1.0
t1060,0.2,0.0,0.2,1.8,1.0
t1061,0.2,0.0,0.2,1.8,1.0
t1062,0.2,-0.9091147567066997,0.2,1.8,1.0
t1063,0.2,0.0,0.2,1.8,1.0
t1064,0.2,0.0,0.2,1.8,1.0
t1065,0.2,0.0,0.2,1.8,1.0
t1066,1.73,0.0,0.2,1.8,1.0
t1067,1.8,0.0,0.2,1.8,1.0
t1068,1.8,0.0,0.2,1.8,1.0
t1069,1.8,0.0,0.2,1.8,1.0
t1070,1.8,0.0,0.2,1.8,1.0
t1071,1.8,0.0,0.2,1.8,1.0
t1072,1.8,0.0,0.2,1.8,1.0
t1073,1.8,0.0,0.2,1.8,1.0
t1074,1.8,1.118163028431212,0.2,1.8,1.0
t1075,0.2,-0.19219285799978536,0.2,1.8,1.0
t1076,0.2,0.0,0.2,1.8,1.0
t1077,0.2,0.0,0.2,1.8,1.0
t1078,0.2,0.0,0.2,1.8,1.0
t1079,0.2,0.0,0.2,1.8,1.0
t1080,0.2,0.0,0.2,1.8,1.0
t1081,0.2,0.0,0.2,1.8,1.0
t1082,0.2,0.0,0.2,1.8,1.0
t1083,0.2,0.0,0.2,1.8,1.0
t1084,0.2,0.0,0.2,1.8,1.0
t1085,0.2,-0.6584502555231495,0.2,1.8,1.0
t1086,0.2,0.0,0.2,1.8,1.0
t1087,0.2,0.0,0.2,1.8,1.0
t1088,0.2,0.0,0.2,1.8,1.0
t1089,0.2,0.0,0.2,1.8,1.0
t1090,1.73,0.0,0.2,1.8,1.0
t1091,1.8,0.0,0.2,1.8,1.0
t1092,1.8,0.0,0.2,1.8,1.0
t1093,1.8,0.0,0.2,1.8,1.0
t1094,1.8,0.0,0.2,1.8,1.0
t1095,1.8,0.0,0.2,1.8,1.0
t1096,1.8,1.122639834297857,0.2,1.8,1.0
t1097,1.8,0.0,0.2,1.8,1.0
t1098,1.8,0.0,0.2,1.8,1.0
t1099,0.2,0.0,0.2,1.8,1.0
t1100,0.2,-0.3425762108624184,0.2,1.8,1.0
t1101,0.2,0.0,0.2,1.8,1.0
t1102,0.2,0.0,0.2,1.8,1.0
t1103,0.2,0.0,0.2,1.8,1.0
t1104,0.2,0.0,0.2,1.8,1.0
t1105,0.2,0.0,0.2,1.8,1.0
t1106,0.2,-1.2637863586164286,0.2,1.8,1.0
t1107,0.2,0.0,0.2,1.8,1.0
t1108,0.2,0.0,0.2,1.8,1.0
t1109,0.2,0.0,0.2,1.8,1.0
t1110,0.2,0.0,0.2,1.8,1.0
t1111,0.2,0.0,0.2,1.8,1.0
t1112,0.2,0.0,0.2,1.8,1.0
t1113,0.2,0.0,0.2,1.8,1.0
t1114,1.73,0.0,0.2,1.8,1.0
t1115,1.8,1.390636471728584,0.2,1.8,1.0
t1116,1.8,0.0,0.2,1.8,1.0
t1117,1.8,0.0,0.2,1.8,1.0
t1118,1.8,0.0,0.2,1.8,1.0
t1119,1.8,0.0,0.2,1.8,1.0
t1120,1.8,0.0,0.2,1.8,1.0
t1121,1.8,0.0,0.2,1.8,1.0
t1122,1.8,0.0,0.2,1.8,1.0
t1123,0.2,-0.03716337117005253,0.2,1.8,1.0
t1124,0.2,0.0,0.2,1.8,1.0
t1125,0.2,0.0,0.2,1.8,1.0
t1126,0.2,0.0,0.2,1.8,1.0
t1127,0.2,0.0,0.2,1.8,1.0
t1128,0.2,0.0,0.2,1.8,1.0
t1129,0.2,0.0,0.2,1.8,1.0
t1130,0.2,0.0,0.2,1.8,1.0
t1131,0.2,0.0,0.2,1.8,1.0
t1132,0.2,-1.24610691077433,0.2,1.8,1.0
t1133,0.2,0.0,0.2,1.8,1.0
t1134,0.2,0.0,0.2,1.8,1.0
t1135,0.2,0.0,0.2,1.8,1.0
t1136,0.2,0.0,0.2,1.8,1.0
t1137,0.2,0.0,0.2,1.8,1.0
t1138,1.73,0.0,0.2,1.8,1.0
t1139,1.8,0.0,0.2,1.8,1.0
t1140,1.8,0.0,0.2,1.8,1.0
t1141,1.8,0.0,0.2,1.8,1.0
t1142,1.8,0.0,0.2,1.8,1.0
t1143,1.8,0.0,0.2,1.8,1.0
t1144,1.8,1.2905735210729716,0.2,1.8,1.0
t1145,1.8,0.0,0.2,1.8,1.0
t1146,1.8,0.0,0.2,1.8,1.0
t1147,0.2,-0.221245378428236,0.2,1.8,1.0
t1148,0.2,0.0,0.2,1.8,1.0
t1149,0.2,0.0,0.2,1.8,1.0
t1150,0.2,0.0,0.2,1.8,1.0
t1151,0.2,0.0,0.2,1.8,1.0
t1152,0.2,0.0,0.2,1.8,1.0
t1153,0.2,0.0,0.2,1.8,1.0
t1154,0.2,0.0,0.2,1.8,1.0
t1155,0.2,0.0,0.2,1.8,1.0
t1156,0.2,-1.1277787717762067,0.2,1.8,1.0
t1157,0.2,0.0,0.2,1.8,1.0
t1158,0.2,0.0,0.2,1.8,1.0
t1159,0.2,0.0,0.2,1.8,1.0
t1160,0.2,0.0,0.2,1.8,1.0
t1161,0.2,0.0,0.2,1.8,1.0
t1162,1.73,0.0,0.2,1.8,1.0
t1163,1.8,0.0,0.2,1.8,1.0
t1164,1.8,0.0,0.2,1.8,1.0
t1165,1.8,0.0,0.2,1.8,1.0
t1166,1.8,1.2702388459676257,0.2,1.8,1.0
t1167,1.8,0.0,0.2,1.8,1.0
t1168,1.8,0.0,0.2,1.8,1.0
t1169,1.8,0.0,0.2,1.8,1.0
t1170,1.8,0.0,0.2,1.8,1.0
t1171,1.8,0.0,0.2,1.8,1.0
t1172,1.8,0.0,0.2,1.8,1.0
t1173,0.2,0.0,0.2,1.8,1.0
t1174,0.2,0.0,0.2,1.8,1.0
t1175,0.2,0.0,0.2,1.8,1.0
t1176,0.2,0.0,0.2,1.8,1.0
t1177,0.2,0.0,0.2,1.8,1.0
t1178,0.2,0.0,0.2,1.8,1.0
t1179,0.2,-1.2396232045141744,0.2,1.8,1.0
t1180,0.2,0.0,0.2,1.8,1.0
t1181,0.2,0.0,0.2,1.8,1.0
t1182,0.2,0.0,0.2,1.8,1.0
t1183,0.2,0.0,0.2,1.8,1.0
t1184,0.2,0.0,0.2,1.8,1.0
t1185,0.2,0.0,0.2,1.8,1.0
t1186,1.73,0.0,0.2,1.8,1.0
t1187,1.8,0.0,0.2,1.8,1.0
t1188,1.8,0.0,0.2,1.8,1.0
t1189,1.8,0.0,0.2,1.8,1.0
t1190,1.8,0.0,0.2,1.8,1.0
t1191,1.8,0.0,0.2,1.8,1.0
t1192,1.8,1.3361220801895684,0.2,1.8,1.0
t1193,1.8,0.0,0.2,1.8,1.0
t1194,1.8,0.0,0.2,1.8,1.0
t1195,0.2,0.0,0.2,1.8,1.0
t1196,0.2,-0.21760233612286584,0.2,1.8,1.0
t1197,0.2,0.0,0.2,1.8,1.0
t1198,0.2,0.0,0.2,1.8,1.0
t1199,0.2,0.0,0.2,1.8,1.0
t1200,0.2,0.0,0.2,1.8,1.0
t1201,0.2,0.0,0.2,1.8,1.0
t1202,0.2,0.0,0.2,1.8,1.0
t1203,0.2,-1.1946528260993716,0.2,1.8,1.0
t1204,0.2,0.0,0.2,1.8,1.0
t1205,0.2,0.0,0.2,1.8,1.0
t1206,0.2,0.0,0.2,1.8,1.0
t1207,0.2,0.0,0.2,1.8,1.0
t1208,0.2,0.0,0.2,1.8,1.0
t1209,0.2,0.0,0.2,1.8,1.0
t1210,1.73,0.0,0.2,1.8,1.0
t1211,1.8,0.0,0.2,1.8,1.0
t1212,1.8,0.0,0.2,1.8,1.0
t1213,1.8,0.0,0.2,1.8,1.0
t1214,1.8,0.0,0.2,1.8,1.0
t1215,1.8,0.0,0.2,1.8,1.0
t1216,1.8,0.0,0.2,1.8,1.0
t1217,1.8,1.5729368326675512,0.2,1.8,1.0
t1218,1.8,0.0,0.2,1.8,1.0
t1219,0.2,0.0,0.2,1.8,1.0
t1220,0.2,0.0,0.2,1.8,1.0
t1221,0.2,0.0,0.2,1.8,1.0
t1222,0.2,0.0,0.2,1.8,1.0
t1223,0.2,0.0,0.2,1.8,1.0
t1224,0.2,0.0,0.2,1.8,1.0
t1225,0.2,0.0,0.2,1.8,1.0
t1226,0.2,0.0,0.2,1.8,1.0
t1227,0.2,0.0,0.2,1.8,1.0
t1228,0.2,0.0,0.2,1.8,1.0
t1229,0.2,0.0,0.2,1.8,1.0
t1230,0.2,-1.5037292340712156,0.2,1.8,1.0
t1231,0.2,0.0,0.2,1.8,1.0
t1232,0.2,0.0,0.2,1.8,1.0
t1233,0.2,0.0,0.2,1.8,1.0
t1234,1.73,0.0,0.2,1.8,1.0
t1235,1.8,0.0,0.2,1.8,1.0
t1236,1.8,0.0,0.2,1.8,1.0
t1237,1.8,0.0,0.2,1.8,1.0
t1238,1.8,1.3084015890983522,0.2,1.8,1.0
t1239,1.8,0.0,0.2,1.8,1.0
t1240,1.8,0.0,0.2,1.8,1.0
t1241,1.8,0.0,0.2,1.8,1.0
t1242,1.8,0.0,0.2,1.8,1.0
t1243,0.2,-0.22977391300058514,0.2,1.8,1.0
t1244,0.2,0.0,0.2,1.8,1.0
t1245,0.2,0.0,0.2,1.8,1.0
t1246,0.2,0.0,0.2,1.8,1.0
t1247,0.2,0.0,0.2,1.8,1.0
t1248,0.2,0.0,0.2,1.8,1.0
t1249,0.2,0.0,0.2,1.8,1.0
t1250,0.2,0.0,0.2,1.8,1.0
t1251,0.2,0.0,0.2,1.8,1.0
t1252,0.2,-0.9438075080359454,0.2,1.8,1.0
t1253,0.2,0.0,0.2,1.8,1.0
t1254,0.2,0.0,0.2,1.8,1.0
t1255,0.2,0.0,0.2,1.8,1.0
t1256,0.2,0.0,0.2,1.8,1.0
t1257,0.2,0.0,0.2,1.8,1.0
t1258,1.73,0.0,0.2,1.8,1.0
t1259,1.8,0.0,0.2,1.8,1.0
t1260,1.8,0.0,0.2,1.8,1.0
t1261,1.8,0.0,0.2,1.8,1.0
t1262,1.8,1.2630157015283174,0.2,1.8,1.0
t1263,1.8,0.0,0.2,1.8,1.0
t1264,1.8,0.0,0.2,1.8,1.0
t1265,1.8,0.0,0.2,1.8,1.0
t1266,1.8,0.0,0.2,1.8,1.0
t1267,0.2,-0.45457932383173727,0.2,1.8,1.0
t1268,0.2,0.0,0.2,1.8,1.0
t1269,0.2,0.0,0.2,1.8,1.0
t1270,0.2,0.0,0.2,1.8,1.0
t1271,0.2,0.0,0.2,1.8,1.0
t1272,0.2,-0.9184546248162349,0.2,1.8,1.0
t1273,0.2,0.0,0.2,1.8,1.0
t1274,0.2,0.0,0.2,1.8,1.0
t1275,0.2,0.0,0.2,1.8,1.0
t1276,0.2,0.0,0.2,1.8,1.0
t1277,0.2,0.0,0.2,1.8,1.0
t1278,0.2,0.0,0.2,1.8,1.0
t1279,0.2,0.0,0.2,1.8,1.0
t1280,0.2,0.0,0.2,1.8,1.0
t1281,0.2,0.0,0.2,1.8,1.0
t1282,1.73,0.0,0.2,1.8,1.0
t1283,1.8,0.0,0.2,1.8,1.0
t1284,1.8,0.0,0.2,1.8,1.0
t1285,1.8,0.0,0.2,1.8,1.0
t1286,1.8,0.0,0.2,1.8,1.0
t1287,1.8,1.3180200226953787,0.2,1.8,1.0
t1288,1.8,0.0,0.2,1.8,1.0
t1289,1.8,0.0,0.2,1.8,1.0
t1290,1.8,0.0,0.2,1.8,1.0
t1291,0.2,-0.26454014607870135,0.2,1.8,1.0
t1292,0.2,0.0,0.2,1.8,1.0
t1293,0.2,0.0,0.2,1.8,1.0
t1294,0.2,0.0,0.2,1.8,1.0
t1295,0.2,0.0,0.2,1.8,1.0
t1296,0.2,0.0,0.2,1.8,1.0
t1297,0.2,0.0,0.2,1.8,1.0
t1298,0.2,0.0,0.2,1.8,1.0
t1299,0.2,0.0,0.2,1.8,1.0
t1300,0.2,-1.1741682976567347,0.2,1.8,1.0
t1301,0.2,0.0,0.2,1.8,1.0
t1302,0.2,0.0,0.2,1.8,1.0
t1303,0.2,0.0,0.2,1.8,1.0
t1304,0.2,0.0,0.2,1.8,1.0
t1305,0.2,0.0,0.2,1.8,1.0
t1306,1.73,0.0,0.2,1.8,1.0
t1307,1.8,0.0,0.2,1.8,1.0
t1308,1.8,0.0,0.2,1.8,1.0
t1309,1.8,0.0,0.2,1.8,1.0
t1310,1.8,0.0,0.2,1.8,1.0
t1311,1.8,0.0,0.2,1.8,1.0
t1312,1.8,0.0,0.2,1.8,1.0
t1313,1.8,1.4566155780507302,0.2,1.8,1.0
t1314,1.8,0.0,0.2,1.8,1.0
t1315,0.2,-0.17862422376668974,0.2,1.8,1.0
t1316,0.2,0.0,0.2,1.8,1.0
t1317,0.2,0.0,0.2,1.8,1.0
t1318,0.2,0.0,0.2,1.8,1.0
t1319,0.2,0.0,0.2,1.8,1.0
t1320,0.2,0.0,0.2,1.8,1.0
t1321,0.2,0.0,0.2,1.8,1.0
t1322,0.2,0.0,0.2,1.8,1.0
t1323,0.2,0.0,0.2,1.8,1.0
t1324,0.2,0.0,0.2,1.8,1.0
t1325,0.2,-1.21202969084122,0.2,1.8,1.0
t1326,0.2,0.0,0.2,1.8,1.0
t1327,0.2,0.0,0.2,1.8,1.0
t1328,0.2,0.0,0.2,1.8,1.0
t1329,0.2,0.0,0.2,1.8,1.0
t1330,1.73,0.0,0.2,1.8,1.0
t1331,1.8,0.0,0.2,1.8,1.0
t1332,1.8,0.0,0.2,1.8,1.0
t1333,1.8,0.0,0.2,1.8,1.0
t1334,1.8,1.5860942725104366,0.2,1.8,1.0
t1335,1.8,0.0,0.2,1.8,1.0
t1336,1.8,0.0,0.2,1.8,1.0
t1337,1.8,0.0,0.2,1.8,1.0
t1338,1.8,0.0,0.2,1.8,1.0
t1339,0.2,-0.509041588070005,0.2,1.8,1.0
t1340,0.2,0.0,0.2,1.8,1.0
t1341,0.2,0.0,0.2,1.8,1.0
t1342,0.2,0.0,0.2,1.8,1.0
t1343,0.2,0.0,0.2,1.8,1.0
t1344,0.2,0.0,0.2,1.8,1.0
t1345,0.2,0.0,0.2,1.8,1.0
t1346,0.2,0.0,0.2,1.8,1.0
t1347,0.2,0.0,0.2,1.8,1.0
t1348,0.2,0.0,0.2,1.8,1.0
t1349,0.2,0.0,0.2,1.8,1.0
t1350,0.2,0.0,0.2,1.8,1.0
t1351,0.2,-0.946892451325354,0.2,1.8,1.0
t1352,0.2,0.0,0.2,1.8,1.0
t1353,0.2,0.0,0.2,1.8,1.0
t1354,1.73,0.0,0.2,1.8,1.0
t1355,1.8,1.249069339798936,0.2,1.8,1.0
t1356,1.8,0.0,0.2,1.8,1.0
t1357,1.8,0.0,0.2,1.8,1.0
t1358,1.8,0.0,0.2,1.8,1.0
t1359,1.8,0.0,0.2,1.8,1.0
t1360,1.8,0.0,0.2,1.8,1.0
t1361,1.8,0.0,0.2,1.8,1.0
t1362,1.8,0.0,0.2,1.8,1.0
t1363,0.2,-0.35809220463612235,0.2,1.8,1.0
t1364,0.2,0.0,0.2,1.8,1.0
t1365,0.2,0.0,0.2,1.8,1.0
t1366,0.2,0.0,0.2,1.8,1.0
t1367,0.2,0.0,0.2,1.8,1.0
t1368,0.2,0.0,0.2,1.8,1.0
t1369,0.2,0.0,0.2,1.8,1.0
t1370,0.2,0.0,0.2,1.8,1.0
t1371,0.2,0.0,0.2,1.8,1.0
t1372,0.2,-0.9072358864691097,0.2,1.8,1.0
t1373,0.2,0.0,0.2,1.8,1.0
t1374,0.2,0.0,0.2,1.8,1.0
t1375,0.2,0.0,0.2,1.8,1.0
t1376,0.2,0.0,0.2,1.8,1.0
t1377,0.2,0.0,0.2,1.8,1.0
t1378,1.73,0.0,0.2,1.8,1.0
t1379,1.8,1.1782674184740642,0.2,1.8,1.0
t1380,1.8,0.0,0.2,1.8,1.0
t1381,1.8,0.0,0.2,1.8,1.0
t1382,1.8,0.0,0.2,1.8,1.0
t1383,1.8,0.0,0.2,1.8,1.0
t1384,1.8,0.0,0.2,1.8,1.0
t1385,1.8,0.0,0.2,1.8,1.0
t1386,1.8,0.0,0.2,1.8,1.0
t1387,0.2,-0.23079007426157716,0.2,1.8,1.0
t1388,0.2,0.0,0.2,1.8,1.0
t1389,0.2,0.0,0.2,1.8,1.0
t1390,0.2,0.0,0.2,1.8,1.0
t1391,0.2,0.0,0.2,1.8,1.0
t1392,0.2,0.0,0.2,1.8,1.0
t1393,0.2,0.0,0.2,1.8,1.0
t1394,0.2,0.0,0.2,1.8,1.0
t1395,0.2,0.0,0.2,1.8,1.0
t1396,0.2,0.0,0.2,1.8,1.0
t1397,0.2,0.0,0.2,1.8,1.0
t1398,0.2,-1.1133505264100165,0.2,1.8,1.0
t1399,0.2,0.0,0.2,1.8,1.0
t1400,0.2,0.0,0.2,1.8,1.0
t1401,0.2,0.0,0.2,1.8,1.0
t1402,1.73,0.0,0.2,1.8,1.0
t1403,1.8,0.0,0.2,1.8,1.0
t1404,1.8,0.0,0.2,1.8,1.0
t1405,1.8,0.0,0.2,1.8,1.0
t1406,1.8,0.0,0.2,1.8,1.0
t1407,1.8,1.433423668113619,0.2,1.8,1.0
t1408,1.8,0.0,0.2,1.8,1.0
t1409,1.8,0.0,0.2,1.8,1.0
t1410,1.8,0.0,0.2,1.8,1.0
t1411,0.2,-0.20122827557258915,0.2,1.8,1.0
t1412,0.2,0.0,0.2,1.8,1.0
t1413,0.2,0.0,0.2,1.8,1.0
t1414,0.2,0.0,0.2,1.8,1.0
t1415,0.2,0.0,0.2,1.8,1.0
t1416,0.2,0.0,0.2,1.8,1.0
t1417,0.2,0.0,0.2,1.8,1.0
t1418,0.2,-1.2559107576794588,0.2,1.8,1.0
t1419,0.2,0.0,0.2,1.8,1.0
t1420,0.2,0.0,0.2,1.8,1.0
t1421,0.2,0.0,0.2,1.8,1.0
t1422,0.2,0.0,0.2,1.8,1.0
t1423,0.2,0.0,0.2,1.8,1.0
t1424,0.2,0.0,0.2,1.8,1.0
t1425,0.2,0.0,0.2,1.8,1.0
t1426,1.73,0.0,0.2,1.8,1.0
t1427,1.8,1.6387502580767261,0.2,1.8,1.0
t1428,1.8,0.0,0.2,1.8,1.0
t1429,1.8,0.0,0.2,1.8,1.0
t1430,1.8,0.0,0.2,1.8,1.0
t1431,1.8,0.0,0.2,1.8,1.0
t1432,1.8,0.0,0.2,1.8,1.0
t1433,1.8,0.0,0.2,1.8,1.0
t1434,1.8,0.0,0.2,1.8,1.0
t1435,1.0,0.0,0.2,1.8,1.0
t1436,1.0,0.0,0.2,1.8,1.0
t1437,1.0,0.0,0.2,1.8,1.0
t1438,1.0,0.0,0.2,1.8,1.0
t1439,1.0,0.0,0.2,1.8,1.0
