timestamp,price_eur_mwh,load_mw
2025-12-01 00:00:00+01:00,93.97074997,41894.67178
2025-12-01 01:00:00+01:00,73.20902857,42837.9293
2025-12-01 02:00:00+01:00,98.22548103,38321.53503
2025-12-01 03:00:00+01:00,81.75648225,39580.84642
2025-12-01 04:00:00+01:00,96.42812689,39493.02727
2025-12-01 05:00:00+01:00,67.02407142,41623.48126
2025-12-01 06:00:00+01:00,79.9928612,41263.23697
2025-12-01 07:00:00+01:00,64.36085174,47153.41417
2025-12-01 08:00:00+01:00,63.37564162,53910.69174
2025-12-01 09:00:00+01:00,74.24472516,49204.80317
2025-12-01 10:00:00+01:00,61.39778745,56881.65999
2025-12-01 11:00:00+01:00,71.27830949,58178.77566
2025-12-01 12:00:00+01:00,69.74109183,57641.53213
2025-12-01 13:00:00+01:00,67.08819836,61931.65048
2025-12-01 14:00:00+01:00,84.86504042,60398.06219
2025-12-01 15:00:00+01:00,67.89798231,60774.17677
2025-12-01 16:00:00+01:00,78.99943742,55835.71381
2025-12-01 17:00:00+01:00,78.4774922,56303.42633
2025-12-01 18:00:00+01:00,75.4480301,57044.1961
2025-12-01 19:00:00+01:00,103.91026,49872.45439
2025-12-01 20:00:00+01:00,104.8241093,50598.26608
2025-12-01 21:00:00+01:00,92.02161276,47265.47385
2025-12-01 22:00:00+01:00,89.29844434,45822.38869
2025-12-01 23:00:00+01:00,93.90231135,45337.96365
2025-12-02 00:00:00+01:00,84.32236719,37673.78955
2025-12-02 01:00:00+01:00,99.73221247,38044.09673
2025-12-02 02:00:00+01:00,93.70093114,38433.8393
2025-12-02 03:00:00+01:00,74.45812261,40627.17699
2025-12-02 04:00:00+01:00,78.28280163,39177.44866
2025-12-02 05:00:00+01:00,86.76016911,39471.8455
2025-12-02 06:00:00+01:00,79.52222096,46716.50259
2025-12-02 07:00:00+01:00,54.31749035,47309.45267
2025-12-02 08:00:00+01:00,76.02730092,49996.33783
2025-12-02 09:00:00+01:00,56.03323416,56851.1381
2025-12-02 10:00:00+01:00,54.12638175,56436.40713
2025-12-02 11:00:00+01:00,63.34586244,59288.59784
2025-12-02 12:00:00+01:00,54.09638673,58022.7868
2025-12-02 13:00:00+01:00,63.15139271,64101.31071
2025-12-02 14:00:00+01:00,57.8615751,60520.64688
2025-12-02 15:00:00+01:00,83.28078957,58850.44871
2025-12-02 16:00:00+01:00,83.33866029,57303.69001
2025-12-02 17:00:00+01:00,81.27325321,56076.05459
2025-12-02 18:00:00+01:00,105.3423459,57239.76075
2025-12-02 19:00:00+01:00,110.4733661,56849.71112
2025-12-02 20:00:00+01:00,95.55666883,49505.82023
2025-12-02 21:00:00+01:00,87.91818588,48198.69207
2025-12-02 22:00:00+01:00,94.61242415,45342.33827
2025-12-02 23:00:00+01:00,97.86349073,44842.23301
2025-12-03 00:00:00+01:00,90.31579242,40945.81078
2025-12-03 01:00:00+01:00,88.8106122,40281.16393
2025-12-03 02:00:00+01:00,89.0225513,39848.29684
2025-12-03 03:00:00+01:00,92.68492702,38417.50416
2025-12-03 04:00:00+01:00,88.4706163,37790.23981
2025-12-03 05:00:00+01:00,75.52596045,42309.75971
2025-12-03 06:00:00+01:00,79.92998933,46555.23466
2025-12-03 07:00:00+01:00,70.05879616,44889.62301
2025-12-03 08:00:00+01:00,70.60929553,50798.88751
2025-12-03 09:00:00+01:00,59.69169494,56578.96944
2025-12-03 10:00:00+01:00,77.20405524,55065.49208
2025-12-03 11:00:00+01:00,48.20835266,57930.90626
2025-12-03 12:00:00+01:00,73.90928697,62065.87864
2025-12-03 13:00:00+01:00,50.44785173,61423.42794
2025-12-03 14:00:00+01:00,73.4683049,61816.3703
2025-12-03 15:00:00+01:00,78.34532187,57255.71512
2025-12-03 16:00:00+01:00,86.79734472,55700.23341
2025-12-03 17:00:00+01:00,89.94735382,55194.04496
2025-12-03 18:00:00+01:00,72.48688641,54462.22849
2025-12-03 19:00:00+01:00,105.0360764,51419.17619
2025-12-03 20:00:00+01:00,97.23529657,52875.39562
2025-12-03 21:00:00+01:00,90.22710259,50404.56595
2025-12-03 22:00:00+01:00,98.29337795,45469.13409
2025-12-03 23:00:00+01:00,97.92638611,43763.11068
2025-12-04 00:00:00+01:00,103.5875053,42153.99067
2025-12-04 01:00:00+01:00,86.90776004,37974.06894
2025-12-04 02:00:00+01:00,87.90793872,37662.60949
2025-12-04 03:00:00+01:00,77.66788239,42332.44905
2025-12-04 04:00:00+01:00,70.67551033,40284.03081
2025-12-04 05:00:00+01:00,87.63164481,39752.93977
2025-12-04 06:00:00+01:00,67.26372612,44675.62021
2025-12-04 07:00:00+01:00,53.67576619,48742.39985
2025-12-04 08:00:00+01:00,67.89542929,51742.25081
2025-12-04 09:00:00+01:00,61.83149347,51282.94095
2025-12-04 10:00:00+01:00,63.71345884,57421.31715
2025-12-04 11:00:00+01:00,57.36027164,58964.99063
2025-12-04 12:00:00+01:00,63.12960094,58419.02031
2025-12-04 13:00:00+01:00,66.97353494,61419.08111
2025-12-04 14:00:00+01:00,88.68278825,59303.11463
2025-12-04 15:00:00+01:00,83.47424668,59611.08884
2025-12-04 16:00:00+01:00,92.5704891,59443.75627
2025-12-04 17:00:00+01:00,85.51727005,60787.43493
2025-12-04 18:00:00+01:00,81.24556661,56552.42653
2025-12-04 19:00:00+01:00,86.56220432,53500.15469
2025-12-04 20:00:00+01:00,101.8360839,49760.29843
2025-12-04 21:00:00+01:00,110.195885,46595.6653
2025-12-04 22:00:00+01:00,87.27195418,46683.08333
2025-12-04 23:00:00+01:00,81.93043816,42807.22303
2025-12-05 00:00:00+01:00,93.8230145,42120.52458
2025-12-05 01:00:00+01:00,87.92623335,41471.16557
2025-12-05 02:00:00+01:00,91.50695911,40384.83531
2025-12-05 03:00:00+01:00,91.24323048,45641.89751
2025-12-05 04:00:00+01:00,83.05642858,43718.82571
2025-12-05 05:00:00+01:00,82.70279548,39965.59018
2025-12-05 06:00:00+01:00,88.59541504,47071.56859
2025-12-05 07:00:00+01:00,62.16051696,52507.49491
2025-12-05 08:00:00+01:00,85.92398942,50434.89523
2025-12-05 09:00:00+01:00,66.40956268,53867.80303
2025-12-05 10:00:00+01:00,59.58660476,52232.72522
2025-12-05 11:00:00+01:00,55.60028943,54049.49661
2025-12-05 12:00:00+01:00,81.34044635,61120.76869
2025-12-05 13:00:00+01:00,74.7951556,60883.43118
2025-12-05 14:00:00+01:00,69.89064584,57426.36846
2025-12-05 15:00:00+01:00,69.77914155,61184.55243
2025-12-05 16:00:00+01:00,85.04646923,59766.54098
2025-12-05 17:00:00+01:00,94.67586697,57217.63505
2025-12-05 18:00:00+01:00,100.1345511,53160.86498
2025-12-05 19:00:00+01:00,85.17477416,51116.49201
2025-12-05 20:00:00+01:00,93.0900963,53281.54562
2025-12-05 21:00:00+01:00,81.66971224,49096.31746
2025-12-05 22:00:00+01:00,95.01635991,43601.71068
2025-12-05 23:00:00+01:00,111.9982486,43629.22356
2025-12-06 00:00:00+01:00,67.38520701,39352.72774
2025-12-06 01:00:00+01:00,90.86130513,40418.09666
2025-12-06 02:00:00+01:00,69.3838811,43251.6677
2025-12-06 03:00:00+01:00,92.3450021,38631.44322
2025-12-06 04:00:00+01:00,70.59777938,41654.35595
2025-12-06 05:00:00+01:00,76.28085721,44235.79938
2025-12-06 06:00:00+01:00,69.00062867,46803.07421
2025-12-06 07:00:00+01:00,58.9855078,46655.60294
2025-12-06 08:00:00+01:00,77.838885,50600.96195
2025-12-06 09:00:00+01:00,88.2674942,47592.14237
2025-12-06 10:00:00+01:00,51.75916859,56113.13999
2025-12-06 11:00:00+01:00,71.92647704,58025.04229
2025-12-06 12:00:00+01:00,72.93065522,59577.27148
2025-12-06 13:00:00+01:00,60.02340169,58507.65806
2025-12-06 14:00:00+01:00,67.03143238,60202.04309
2025-12-06 15:00:00+01:00,70.42951534,61353.75094
2025-12-06 16:00:00+01:00,89.74832666,57731.70884
2025-12-06 17:00:00+01:00,99.42602868,56273.5672
2025-12-06 18:00:00+01:00,65.2548457,55977.12098
2025-12-06 19:00:00+01:00,75.46927016,51703.92487
2025-12-06 20:00:00+01:00,114.963963,48430.95736
2025-12-06 21:00:00+01:00,104.5882722,46209.06103
2025-12-06 22:00:00+01:00,75.78232506,46102.93411
2025-12-06 23:00:00+01:00,98.31196507,39092.74729
2025-12-07 00:00:00+01:00,97.77828604,40859.11726
2025-12-07 01:00:00+01:00,68.81184903,45429.59008
2025-12-07 02:00:00+01:00,93.88223066,39165.49562
2025-12-07 03:00:00+01:00,86.14710039,39519.18497
2025-12-07 04:00:00+01:00,89.58233303,39014.51424
2025-12-07 05:00:00+01:00,65.82347577,38759.38913
2025-12-07 06:00:00+01:00,66.11177406,45167.26136
2025-12-07 07:00:00+01:00,65.74091293,45655.24225
2025-12-07 08:00:00+01:00,74.4650642,52375.82421
2025-12-07 09:00:00+01:00,60.34507664,55795.56229
2025-12-07 10:00:00+01:00,62.44939291,53198.57043
2025-12-07 11:00:00+01:00,47.58865724,58721.06762
2025-12-07 12:00:00+01:00,73.00927454,58010.82034
2025-12-07 13:00:00+01:00,73.39737183,62319.32588
2025-12-07 14:00:00+01:00,49.26094495,63198.84349
2025-12-07 15:00:00+01:00,54.49965923,61231.40302
2025-12-07 16:00:00+01:00,69.76687179,59573.89605
2025-12-07 17:00:00+01:00,84.21752324,57243.12874
2025-12-07 18:00:00+01:00,102.6881824,54621.28151
2025-12-07 19:00:00+01:00,96.7750959,53097.89888
2025-12-07 20:00:00+01:00,80.89205441,54212.37033
2025-12-07 21:00:00+01:00,80.86865187,44182.21352
2025-12-07 22:00:00+01:00,117.5808352,46099.46411
2025-12-07 23:00:00+01:00,106.8983407,43002.50881
2025-12-08 00:00:00+01:00,93.58505097,42737.63006
2025-12-08 01:00:00+01:00,88.65143689,40350.32628
2025-12-08 02:00:00+01:00,91.91291862,40240.91953
2025-12-08 03:00:00+01:00,68.55797736,40492.10837
2025-12-08 04:00:00+01:00,93.78236104,41845.10009
2025-12-08 05:00:00+01:00,68.33442345,41830.80089
2025-12-08 06:00:00+01:00,63.73098245,46519.79361
2025-12-08 07:00:00+01:00,55.22332902,47564.88252
2025-12-08 08:00:00+01:00,65.00437315,51702.22232
2025-12-08 09:00:00+01:00,71.17611267,51125.72558
2025-12-08 10:00:00+01:00,70.01565949,55964.42283
2025-12-08 11:00:00+01:00,66.81565921,56947.89405
2025-12-08 12:00:00+01:00,63.96106447,57437.95677
2025-12-08 13:00:00+01:00,68.42460847,58966.21222
2025-12-08 14:00:00+01:00,69.6701866,56340.78531
2025-12-08 15:00:00+01:00,67.66874441,59434.9218
2025-12-08 16:00:00+01:00,88.58771033,57200.51794
2025-12-08 17:00:00+01:00,77.82741505,55528.81012
2025-12-08 18:00:00+01:00,75.49257973,57868.79777
2025-12-08 19:00:00+01:00,96.67105521,49514.08871
2025-12-08 20:00:00+01:00,99.356658,48234.83801
2025-12-08 21:00:00+01:00,119.5085987,47847.6071
2025-12-08 22:00:00+01:00,105.4544308,43305.51448
2025-12-08 23:00:00+01:00,87.82666866,43161.83405
2025-12-09 00:00:00+01:00,106.780965,44429.67713
2025-12-09 01:00:00+01:00,94.00473438,41608.41439
2025-12-09 02:00:00+01:00,90.69572616,39306.15923
2025-12-09 03:00:00+01:00,90.07734897,40663.37176
2025-12-09 04:00:00+01:00,80.68939922,39609.39293
2025-12-09 05:00:00+01:00,80.98764549,42381.87178
2025-12-09 06:00:00+01:00,71.82489182,44640.57128
2025-12-09 07:00:00+01:00,79.29843202,45208.47025
2025-12-09 08:00:00+01:00,58.50587174,49220.0844
2025-12-09 09:00:00+01:00,71.24084138,51768.25107
2025-12-09 10:00:00+01:00,56.63448756,55515.41448
2025-12-09 11:00:00+01:00,53.48406497,58074.62431
2025-12-09 12:00:00+01:00,83.25553921,56151.93173
2025-12-09 13:00:00+01:00,62.63972007,60738.62376
2025-12-09 14:00:00+01:00,61.24963101,58759.50289
2025-12-09 15:00:00+01:00,68.84236973,59352.51172
2025-12-09 16:00:00+01:00,64.71541103,55486.8338
2025-12-09 17:00:00+01:00,86.05955746,55445.96964
2025-12-09 18:00:00+01:00,91.48241677,54089.83486
2025-12-09 19:00:00+01:00,107.7839876,51782.89187
2025-12-09 20:00:00+01:00,88.77830898,48226.76983
2025-12-09 21:00:00+01:00,113.7146432,48034.66043
2025-12-09 22:00:00+01:00,103.9025633,44090.47508
2025-12-09 23:00:00+01:00,119.7347933,41555.96567
2025-12-10 00:00:00+01:00,99.43211911,44311.58623
2025-12-10 01:00:00+01:00,91.31669321,42013.78323
2025-12-10 02:00:00+01:00,93.4076118,38058.09125
2025-12-10 03:00:00+01:00,91.82442828,40576.90355
2025-12-10 04:00:00+01:00,72.49867638,40451.53587
2025-12-10 05:00:00+01:00,65.24490492,43529.61922
2025-12-10 06:00:00+01:00,60.68086344,45862.05924
2025-12-10 07:00:00+01:00,72.03152848,44464.53905
2025-12-10 08:00:00+01:00,59.07936708,50316.9177
2025-12-10 09:00:00+01:00,80.4273076,53610.78775
2025-12-10 10:00:00+01:00,66.23425981,55487.79566
2025-12-10 11:00:00+01:00,65.98906864,53414.19218
2025-12-10 12:00:00+01:00,68.3214344,58125.01086
2025-12-10 13:00:00+01:00,81.71042292,61936.02613
2025-12-10 14:00:00+01:00,74.10846203,61379.24606
2025-12-10 15:00:00+01:00,74.79459768,62328.67731
2025-12-10 16:00:00+01:00,78.40984228,62215.31082
2025-12-10 17:00:00+01:00,89.5905669,56841.05173
2025-12-10 18:00:00+01:00,100.9070195,53499.19698
2025-12-10 19:00:00+01:00,107.1703721,51896.12893
2025-12-10 20:00:00+01:00,91.96878948,47828.96794
2025-12-10 21:00:00+01:00,113.0282256,50862.69265
2025-12-10 22:00:00+01:00,93.68925263,45905.23927
2025-12-10 23:00:00+01:00,94.33865516,42461.05771
2025-12-11 00:00:00+01:00,87.212282,40750.8484
2025-12-11 01:00:00+01:00,96.33550965,43155.39357
2025-12-11 02:00:00+01:00,67.57568833,40103.20227
2025-12-11 03:00:00+01:00,84.74783699,43550.79076
2025-12-11 04:00:00+01:00,92.91376719,43388.14548
2025-12-11 05:00:00+01:00,76.34184771,44129.14438
2025-12-11 06:00:00+01:00,76.26911118,45532.62841
2025-12-11 07:00:00+01:00,77.52360187,47373.99796
2025-12-11 08:00:00+01:00,67.05586336,51301.30336
2025-12-11 09:00:00+01:00,57.45875616,50552.56215
2025-12-11 10:00:00+01:00,57.99313581,51163.15426
2025-12-11 11:00:00+01:00,56.12855378,58732.17947
2025-12-11 12:00:00+01:00,78.46892325,60305.09281
2025-12-11 13:00:00+01:00,71.04833443,59763.70855
2025-12-11 14:00:00+01:00,63.28686342,57456.48065
2025-12-11 15:00:00+01:00,68.70996131,58964.80391
2025-12-11 16:00:00+01:00,100.3431518,57990.31836
2025-12-11 17:00:00+01:00,104.1002938,53261.6026
2025-12-11 18:00:00+01:00,84.07262016,50278.07179
2025-12-11 19:00:00+01:00,86.41013236,55058.65278
2025-12-11 20:00:00+01:00,83.78559664,50082.14785
2025-12-11 21:00:00+01:00,77.5292387,45467.18417
2025-12-11 22:00:00+01:00,96.09740975,46327.43671
2025-12-11 23:00:00+01:00,96.54980458,41757.33268
2025-12-12 00:00:00+01:00,99.34770005,39643.46179
2025-12-12 01:00:00+01:00,88.97196295,38056.6625
2025-12-12 02:00:00+01:00,75.22832939,38243.6108
2025-12-12 03:00:00+01:00,84.37727963,36281.6245
2025-12-12 04:00:00+01:00,91.11882873,41121.61618
2025-12-12 05:00:00+01:00,76.21632663,43139.99409
2025-12-12 06:00:00+01:00,61.42691702,45703.9849
2025-12-12 07:00:00+01:00,60.70630113,46237.28346
2025-12-12 08:00:00+01:00,71.00305755,48611.45312
2025-12-12 09:00:00+01:00,77.67554872,53023.73109
2025-12-12 10:00:00+01:00,61.82507425,60989.01681
2025-12-12 11:00:00+01:00,70.31683765,58354.86255
2025-12-12 12:00:00+01:00,71.36746521,59062.31875
2025-12-12 13:00:00+01:00,69.92166887,58230.89431
2025-12-12 14:00:00+01:00,71.70316324,60344.90322
2025-12-12 15:00:00+01:00,75.5354333,56194.02691
2025-12-12 16:00:00+01:00,72.28468414,56786.41572
2025-12-12 17:00:00+01:00,86.30842792,57812.1789
2025-12-12 18:00:00+01:00,94.42943529,52959.56736
2025-12-12 19:00:00+01:00,88.14639476,51333.04192
2025-12-12 20:00:00+01:00,79.73557764,50243.34281
2025-12-12 21:00:00+01:00,101.2584998,49061.19382
2025-12-12 22:00:00+01:00,85.94732441,47120.12793
2025-12-12 23:00:00+01:00,74.93206844,42557.16252
2025-12-13 00:00:00+01:00,89.79211198,42237.83333
2025-12-13 01:00:00+01:00,101.5770193,39969.59175
2025-12-13 02:00:00+01:00,94.44943803,39167.28851
2025-12-13 03:00:00+01:00,80.26994487,39653.99901
2025-12-13 04:00:00+01:00,92.98646519,40115.27362
2025-12-13 05:00:00+01:00,85.55926851,44332.88518
2025-12-13 06:00:00+01:00,66.76562139,43310.5876
2025-12-13 07:00:00+01:00,78.99164891,46666.01242
2025-12-13 08:00:00+01:00,66.43834631,49677.62959
2025-12-13 09:00:00+01:00,60.56673655,50480.50394
2025-12-13 10:00:00+01:00,62.41106212,52310.09476
2025-12-13 11:00:00+01:00,76.80215084,58597.56892
2025-12-13 12:00:00+01:00,57.58081731,59206.21568
2025-12-13 13:00:00+01:00,76.68950805,61913.56361
2025-12-13 14:00:00+01:00,78.84192621,61273.36895
2025-12-13 15:00:00+01:00,54.21693087,59794.23779
2025-12-13 16:00:00+01:00,66.4648056,55273.44612
2025-12-13 17:00:00+01:00,79.9102986,59872.67301
2025-12-13 18:00:00+01:00,96.87362042,54830.63325
2025-12-13 19:00:00+01:00,80.84457,50570.42053
2025-12-13 20:00:00+01:00,91.26653336,51611.88109
2025-12-13 21:00:00+01:00,78.48273372,45527.51248
2025-12-13 22:00:00+01:00,100.6453531,47269.08832
2025-12-13 23:00:00+01:00,111.4249894,40265.48396
2025-12-14 00:00:00+01:00,80.8227095,38600.54952
2025-12-14 01:00:00+01:00,79.39645829,37602.51597
2025-12-14 02:00:00+01:00,97.77694074,40421.61829
2025-12-14 03:00:00+01:00,77.18794116,41413.08594
2025-12-14 04:00:00+01:00,66.63915718,42198.82592
2025-12-14 05:00:00+01:00,72.31773324,44237.75364
2025-12-14 06:00:00+01:00,69.13722972,44607.29026
2025-12-14 07:00:00+01:00,78.00228468,45197.71703
2025-12-14 08:00:00+01:00,73.78311669,51013.17134
2025-12-14 09:00:00+01:00,72.9311854,52768.63327
2025-12-14 10:00:00+01:00,84.64987327,54622.35296
2025-12-14 11:00:00+01:00,61.15440331,56123.50176
2025-12-14 12:00:00+01:00,64.82910566,60457.57995
2025-12-14 13:00:00+01:00,74.42170334,59981.7594
2025-12-14 14:00:00+01:00,62.90482165,62002.21411
2025-12-14 15:00:00+01:00,93.97341854,61616.83944
2025-12-14 16:00:00+01:00,95.89580679,59256.51819
2025-12-14 17:00:00+01:00,80.6681712,55885.92905
2025-12-14 18:00:00+01:00,88.88664647,52559.18818
2025-12-14 19:00:00+01:00,94.66537796,55706.81026
2025-12-14 20:00:00+01:00,90.47435495,46974.2786
2025-12-14 21:00:00+01:00,78.68242998,43934.0334
2025-12-14 22:00:00+01:00,91.43297878,41119.06844
2025-12-14 23:00:00+01:00,89.48377488,42348.60797
2025-12-15 00:00:00+01:00,73.75439895,43587.98738
2025-12-15 01:00:00+01:00,96.24864141,43192.82737
2025-12-15 02:00:00+01:00,100.8652177,43312.66585
2025-12-15 03:00:00+01:00,87.96273565,41298.14305
2025-12-15 04:00:00+01:00,75.31115962,42954.76542
2025-12-15 05:00:00+01:00,68.38874758,39423.57059
2025-12-15 06:00:00+01:00,78.47765216,40506.62429
2025-12-15 07:00:00+01:00,70.86762318,46982.57554
2025-12-15 08:00:00+01:00,69.55433306,49385.79739
2025-12-15 09:00:00+01:00,67.11874506,57796.80143
2025-12-15 10:00:00+01:00,54.00205195,56260.58208
2025-12-15 11:00:00+01:00,84.5872,54836.8594
2025-12-15 12:00:00+01:00,67.75427087,58815.2056
2025-12-15 13:00:00+01:00,79.5579694,59692.90464
2025-12-15 14:00:00+01:00,84.24982735,59878.38277
2025-12-15 15:00:00+01:00,80.7461718,57637.05321
2025-12-15 16:00:00+01:00,78.64604376,59552.93378
2025-12-15 17:00:00+01:00,75.83582139,56917.20855
2025-12-15 18:00:00+01:00,73.29129542,57458.56247
2025-12-15 19:00:00+01:00,107.2881857,50852.48022
2025-12-15 20:00:00+01:00,102.7867995,50863.32296
2025-12-15 21:00:00+01:00,119.1037392,46602.39375
2025-12-15 22:00:00+01:00,104.8263119,42457.87526
2025-12-15 23:00:00+01:00,98.08643662,46938.67175
2025-12-16 00:00:00+01:00,98.26966205,38903.18553
2025-12-16 01:00:00+01:00,80.88887483,41100.55676
2025-12-16 02:00:00+01:00,90.26085562,40284.87201
2025-12-16 03:00:00+01:00,94.48533212,42018.52165
2025-12-16 04:00:00+01:00,69.40567664,39767.32932
2025-12-16 05:00:00+01:00,76.99560867,41618.3242
2025-12-16 06:00:00+01:00,68.88657274,45078.84317
2025-12-16 07:00:00+01:00,60.14312368,44108.10181
2025-12-16 08:00:00+01:00,78.30249492,46538.96173
2025-12-16 09:00:00+01:00,64.94919473,51186.08727
2025-12-16 10:00:00+01:00,58.20819278,54103.98546
2025-12-16 11:00:00+01:00,67.59408289,57730.57742
2025-12-16 12:00:00+01:00,77.87955332,61784.89053
2025-12-16 13:00:00+01:00,65.72557068,61026.93655
2025-12-16 14:00:00+01:00,80.07101184,59282.00409
2025-12-16 15:00:00+01:00,64.04772615,59567.75357
2025-12-16 16:00:00+01:00,67.13748257,59788.29994
2025-12-16 17:00:00+01:00,90.3105727,55201.43959
2025-12-16 18:00:00+01:00,85.70130294,55321.6451
2025-12-16 19:00:00+01:00,93.97695504,52414.6068
2025-12-16 20:00:00+01:00,96.6213694,47572.59495
2025-12-16 21:00:00+01:00,98.13912524,45260.63466
2025-12-16 22:00:00+01:00,96.55626753,43952.88846
2025-12-16 23:00:00+01:00,91.70874854,43346.06724
2025-12-17 00:00:00+01:00,83.45270428,43638.06038
2025-12-17 01:00:00+01:00,62.12444836,40098.40599
2025-12-17 02:00:00+01:00,86.87979175,44139.5618
2025-12-17 03:00:00+01:00,92.1461656,39609.13672
2025-12-17 04:00:00+01:00,101.7263134,43652.31335
2025-12-17 05:00:00+01:00,64.12381876,45841.04237
2025-12-17 06:00:00+01:00,64.79086616,44247.08248
2025-12-17 07:00:00+01:00,70.11294696,47742.77556
2025-12-17 08:00:00+01:00,57.55569506,50246.82348
2025-12-17 09:00:00+01:00,41.38517884,51337.64568
2025-12-17 10:00:00+01:00,66.57100369,54766.89004
2025-12-17 11:00:00+01:00,82.13292691,59389.9816
2025-12-17 12:00:00+01:00,65.50689074,59576.69397
2025-12-17 13:00:00+01:00,69.15780391,59292.49581
2025-12-17 14:00:00+01:00,78.07540338,61112.04607
2025-12-17 15:00:00+01:00,59.50509541,59086.75799
2025-12-17 16:00:00+01:00,79.26057853,59763.90519
2025-12-17 17:00:00+01:00,80.36535431,53512.07313
2025-12-17 18:00:00+01:00,81.25988015,57649.29986
2025-12-17 19:00:00+01:00,88.00932787,53438.04466
2025-12-17 20:00:00+01:00,86.87121833,52824.53168
2025-12-17 21:00:00+01:00,105.6079301,43974.65715
2025-12-17 22:00:00+01:00,79.69457622,46393.83985
2025-12-17 23:00:00+01:00,100.2483003,42883.00657
2025-12-18 00:00:00+01:00,94.29747586,39523.7678
2025-12-18 01:00:00+01:00,96.55325823,42419.10702
2025-12-18 02:00:00+01:00,75.01736401,40854.10947
2025-12-18 03:00:00+01:00,65.52715572,39121.6972
2025-12-18 04:00:00+01:00,98.52653243,41559.15714
2025-12-18 05:00:00+01:00,91.87416277,41874.89721
2025-12-18 06:00:00+01:00,72.32780501,44041.96321
2025-12-18 07:00:00+01:00,81.63470167,49596.38999
2025-12-18 08:00:00+01:00,70.83681992,50562.37932
2025-12-18 09:00:00+01:00,48.9759582,56662.99428
2025-12-18 10:00:00+01:00,60.6361611,54975.00946
2025-12-18 11:00:00+01:00,64.98928917,59776.24823
2025-12-18 12:00:00+01:00,52.13212055,58718.36229
2025-12-18 13:00:00+01:00,78.82941968,59202.76912
2025-12-18 14:00:00+01:00,75.36241646,63378.65753
2025-12-18 15:00:00+01:00,66.67492699,58077.33402
2025-12-18 16:00:00+01:00,78.15286115,59807.35424
2025-12-18 17:00:00+01:00,99.18724413,53622.1338
2025-12-18 18:00:00+01:00,92.01697672,54959.34165
2025-12-18 19:00:00+01:00,87.25467806,54578.55184
2025-12-18 20:00:00+01:00,83.29086746,50220.6726
2025-12-18 21:00:00+01:00,103.036846,49107.8024
2025-12-18 22:00:00+01:00,90.40249651,43481.54783
2025-12-18 23:00:00+01:00,100.0132939,43708.83815
2025-12-19 00:00:00+01:00,104.9363759,42965.05882
2025-12-19 01:00:00+01:00,97.78114114,40211.14164
2025-12-19 02:00:00+01:00,105.348331,42028.25894
2025-12-19 03:00:00+01:00,88.42755083,39760.94224
2025-12-19 04:00:00+01:00,69.79079116,41054.42297
2025-12-19 05:00:00+01:00,74.36059801,42350.37382
2025-12-19 06:00:00+01:00,85.92339864,45062.86291
2025-12-19 07:00:00+01:00,72.14453311,46063.79552
2025-12-19 08:00:00+01:00,57.729,50143.70167
2025-12-19 09:00:00+01:00,46.11245062,55230.88508
2025-12-19 10:00:00+01:00,59.77983474,55470.66461
2025-12-19 11:00:00+01:00,71.45044961,56145.80012
2025-12-19 12:00:00+01:00,60.84553481,55818.73839
2025-12-19 13:00:00+01:00,70.97412325,57196.3596
2025-12-19 14:00:00+01:00,84.06420546,57861.45183
2025-12-19 15:00:00+01:00,69.64935177,61591.79638
2025-12-19 16:00:00+01:00,78.86745381,59683.47011
2025-12-19 17:00:00+01:00,101.0269017,58022.8277
2025-12-19 18:00:00+01:00,94.74095128,54469.28182
2025-12-19 19:00:00+01:00,97.15501313,53044.47376
2025-12-19 20:00:00+01:00,82.78009922,50917.7799
2025-12-19 21:00:00+01:00,102.3643844,45946.39685
2025-12-19 22:00:00+01:00,95.37390321,47101.40427
2025-12-19 23:00:00+01:00,111.6586105,43901.11966
2025-12-20 00:00:00+01:00,114.5394514,41125.00667
2025-12-20 01:00:00+01:00,85.26500279,38655.41823
2025-12-20 02:00:00+01:00,99.04669967,39561.1747
2025-12-20 03:00:00+01:00,68.05742152,40041.01381
2025-12-20 04:00:00+01:00,84.04182446,37013.86926
2025-12-20 05:00:00+01:00,75.99025661,43640.34767
2025-12-20 06:00:00+01:00,72.61912104,46469.24895
2025-12-20 07:00:00+01:00,61.42764846,47375.8613
2025-12-20 08:00:00+01:00,64.04488829,49121.45163
2025-12-20 09:00:00+01:00,61.93326247,51107.24664
2025-12-20 10:00:00+01:00,85.36743229,53407.09278
2025-12-20 11:00:00+01:00,35.67291894,59527.29477
2025-12-20 12:00:00+01:00,64.80901683,61045.22074
2025-12-20 13:00:00+01:00,70.77307748,61089.67135
2025-12-20 14:00:00+01:00,82.36222638,57447.53632
2025-12-20 15:00:00+01:00,72.24205802,59042.41034
2025-12-20 16:00:00+01:00,61.00456132,62142.52127
2025-12-20 17:00:00+01:00,85.97888101,58623.37004
2025-12-20 18:00:00+01:00,89.09501362,55439.27562
2025-12-20 19:00:00+01:00,91.35191306,49909.45511
2025-12-20 20:00:00+01:00,97.41312705,50498.41778
2025-12-20 21:00:00+01:00,68.47199377,50412.94924
2025-12-20 22:00:00+01:00,94.55884356,45393.64607
2025-12-20 23:00:00+01:00,102.8499677,45552.00041
2025-12-21 00:00:00+01:00,90.04037095,41749.19292
2025-12-21 01:00:00+01:00,94.44376302,40221.22341
2025-12-21 02:00:00+01:00,84.06833688,38114.43837
2025-12-21 03:00:00+01:00,87.7943073,37233.55751
2025-12-21 04:00:00+01:00,79.38059981,42830.96205
2025-12-21 05:00:00+01:00,103.63007,41263.56626
2025-12-21 06:00:00+01:00,56.66217149,46145.99421
2025-12-21 07:00:00+01:00,66.50190427,45341.11844
2025-12-21 08:00:00+01:00,65.10900741,50679.38964
2025-12-21 09:00:00+01:00,80.87527453,52561.42457
2025-12-21 10:00:00+01:00,65.85761558,55310.77293
2025-12-21 11:00:00+01:00,72.23870129,54089.2679
2025-12-21 12:00:00+01:00,78.57638794,58098.66461
2025-12-21 13:00:00+01:00,78.19456192,60433.90652
2025-12-21 14:00:00+01:00,68.18183135,59800.19995
2025-12-21 15:00:00+01:00,59.73732584,58137.60534
2025-12-21 16:00:00+01:00,75.6295849,56305.97024
2025-12-21 17:00:00+01:00,92.76041623,54181.8862
2025-12-21 18:00:00+01:00,84.55747681,54593.2287
2025-12-21 19:00:00+01:00,110.5204999,52800.60644
2025-12-21 20:00:00+01:00,104.659395,48916.33978
2025-12-21 21:00:00+01:00,97.8506816,48472.95864
2025-12-21 22:00:00+01:00,80.84395065,41190.67694
2025-12-21 23:00:00+01:00,93.20401542,41665.45525
2025-12-22 00:00:00+01:00,86.85679599,39395.67041
2025-12-22 01:00:00+01:00,78.25182557,39955.21183
2025-12-22 02:00:00+01:00,81.58470813,40030.68824
2025-12-22 03:00:00+01:00,86.84904169,42467.46727
2025-12-22 04:00:00+01:00,91.86450994,43464.15226
2025-12-22 05:00:00+01:00,84.05034372,44616.20822
2025-12-22 06:00:00+01:00,67.82750915,44643.60383
2025-12-22 07:00:00+01:00,74.04517966,45295.14627
2025-12-22 08:00:00+01:00,56.37984593,49305.86124
2025-12-22 09:00:00+01:00,63.43288622,55423.59495
2025-12-22 10:00:00+01:00,72.56747516,51810.8318
2025-12-22 11:00:00+01:00,64.07328028,53730.60055
2025-12-22 12:00:00+01:00,60.34680044,59560.38804
2025-12-22 13:00:00+01:00,68.94825253,60203.80518
2025-12-22 14:00:00+01:00,93.62964929,60839.00406
2025-12-22 15:00:00+01:00,96.58659643,61510.50089
2025-12-22 16:00:00+01:00,72.2828156,55994.69096
2025-12-22 17:00:00+01:00,105.1373669,56562.16924
2025-12-22 18:00:00+01:00,81.11015704,53514.40508
2025-12-22 19:00:00+01:00,96.34138602,52746.41854
2025-12-22 20:00:00+01:00,86.68850682,47218.27903
2025-12-22 21:00:00+01:00,81.12474683,48117.76748
2025-12-22 22:00:00+01:00,123.6706494,43636.36778
2025-12-22 23:00:00+01:00,106.9263688,44475.62797
2025-12-23 00:00:00+01:00,75.45430589,40119.45834
2025-12-23 01:00:00+01:00,106.8602795,38255.54179
2025-12-23 02:00:00+01:00,94.35841883,41329.74561
2025-12-23 03:00:00+01:00,86.3156843,40868.58779
2025-12-23 04:00:00+01:00,99.12774067,43268.70996
2025-12-23 05:00:00+01:00,84.25676679,44075.815
2025-12-23 06:00:00+01:00,71.60237939,48154.98353
2025-12-23 07:00:00+01:00,66.15949217,47050.62036
2025-12-23 08:00:00+01:00,75.48866725,50631.39682
2025-12-23 09:00:00+01:00,58.80521832,53610.48088
2025-12-23 10:00:00+01:00,80.56232902,53721.6741
2025-12-23 11:00:00+01:00,68.625763,55071.94304
2025-12-23 12:00:00+01:00,71.39323606,61045.18735
2025-12-23 13:00:00+01:00,70.31823469,59991.92434
2025-12-23 14:00:00+01:00,83.58571817,57447.36953
2025-12-23 15:00:00+01:00,70.88722512,61360.34962
2025-12-23 16:00:00+01:00,89.18693148,58455.6178
2025-12-23 17:00:00+01:00,90.7493061,56143.56247
2025-12-23 18:00:00+01:00,99.71678021,52022.76128
2025-12-23 19:00:00+01:00,79.81609383,52676.06093
2025-12-23 20:00:00+01:00,96.9754029,49300.86227
2025-12-23 21:00:00+01:00,100.0978133,47339.75827
2025-12-23 22:00:00+01:00,97.29420062,47244.41474
2025-12-23 23:00:00+01:00,89.80278389,42075.04246
2025-12-24 00:00:00+01:00,87.93119783,45179.42681
2025-12-24 01:00:00+01:00,110.3570107,39928.0894
2025-12-24 02:00:00+01:00,90.87023945,39216.33248
2025-12-24 03:00:00+01:00,73.2068405,39594.44871
2025-12-24 04:00:00+01:00,88.9427831,39627.17858
2025-12-24 05:00:00+01:00,91.71538503,41098.42747
2025-12-24 06:00:00+01:00,58.60491879,42695.67468
2025-12-24 07:00:00+01:00,78.99964325,46085.59403
2025-12-24 08:00:00+01:00,62.16429412,49704.45353
2025-12-24 09:00:00+01:00,75.008985,54203.32041
2025-12-24 10:00:00+01:00,66.07438104,54182.71763
2025-12-24 11:00:00+01:00,57.33981207,55019.76093
2025-12-24 12:00:00+01:00,64.44852265,59807.67759
2025-12-24 13:00:00+01:00,70.19764645,58759.40786
2025-12-24 14:00:00+01:00,77.56286258,59913.95682
2025-12-24 15:00:00+01:00,83.33253483,58922.78897
2025-12-24 16:00:00+01:00,75.42768144,57931.58184
2025-12-24 17:00:00+01:00,80.40473139,56049.65528
2025-12-24 18:00:00+01:00,86.79174708,55009.78033
2025-12-24 19:00:00+01:00,90.03944084,53139.4462
2025-12-24 20:00:00+01:00,75.07150734,48329.4635
2025-12-24 21:00:00+01:00,91.06689314,44936.75182
2025-12-24 22:00:00+01:00,90.48370968,46810.25504
2025-12-24 23:00:00+01:00,75.12774789,43864.66967
2025-12-25 00:00:00+01:00,82.35397908,41878.53397
2025-12-25 01:00:00+01:00,92.16667261,41763.07365
2025-12-25 02:00:00+01:00,72.94319863,44093.39606
2025-12-25 03:00:00+01:00,92.61067794,38931.51727
2025-12-25 04:00:00+01:00,87.84221958,39824.82375
2025-12-25 05:00:00+01:00,71.5160328,45328.68738
2025-12-25 06:00:00+01:00,81.24482632,47369.92356
2025-12-25 07:00:00+01:00,52.36398918,48202.92905
2025-12-25 08:00:00+01:00,75.95937658,49543.69244
2025-12-25 09:00:00+01:00,82.09978288,53092.86658
2025-12-25 10:00:00+01:00,67.5656081,55428.77234
2025-12-25 11:00:00+01:00,71.49980028,55231.21419
2025-12-25 12:00:00+01:00,47.23727504,56048.90923
2025-12-25 13:00:00+01:00,57.68498785,62907.71357
2025-12-25 14:00:00+01:00,60.24425715,60623.40387
2025-12-25 15:00:00+01:00,77.68421372,58628.71125
2025-12-25 16:00:00+01:00,93.15393513,58144.9169
2025-12-25 17:00:00+01:00,77.06732517,57840.5087
2025-12-25 18:00:00+01:00,89.47564157,55486.57348
2025-12-25 19:00:00+01:00,81.75857024,54288.63697
2025-12-25 20:00:00+01:00,94.93446701,52780.40463
2025-12-25 21:00:00+01:00,97.1695133,44503.89631
2025-12-25 22:00:00+01:00,91.95023117,40679.79248
2025-12-25 23:00:00+01:00,89.31182097,43076.68577
2025-12-26 00:00:00+01:00,85.43465474,41857.29689
2025-12-26 01:00:00+01:00,77.59575971,38230.32213
2025-12-26 02:00:00+01:00,87.72057522,41242.88005
2025-12-26 03:00:00+01:00,75.33816734,38836.59124
2025-12-26 04:00:00+01:00,94.54700801,40695.63965
2025-12-26 05:00:00+01:00,60.81747416,41524.47688
2025-12-26 06:00:00+01:00,71.68080725,45644.19114
2025-12-26 07:00:00+01:00,69.9258476,48065.36298
2025-12-26 08:00:00+01:00,52.20080126,44706.90484
2025-12-26 09:00:00+01:00,75.70146164,54669.17136
2025-12-26 10:00:00+01:00,61.67363627,54255.35526
2025-12-26 11:00:00+01:00,86.39537591,57295.33827
2025-12-26 12:00:00+01:00,54.83797857,56674.37628
2025-12-26 13:00:00+01:00,74.94174847,57502.23897
2025-12-26 14:00:00+01:00,90.28435632,63403.6716
2025-12-26 15:00:00+01:00,70.78256315,58846.83352
2025-12-26 16:00:00+01:00,92.29336829,58717.86669
2025-12-26 17:00:00+01:00,79.71294408,56732.58306
2025-12-26 18:00:00+01:00,90.82088486,52861.69813
2025-12-26 19:00:00+01:00,92.72970017,50621.05282
2025-12-26 20:00:00+01:00,91.09755048,47972.36255
2025-12-26 21:00:00+01:00,90.32176257,44896.38186
2025-12-26 22:00:00+01:00,98.16263683,45371.5231
2025-12-26 23:00:00+01:00,99.5668748,44669.86628
2025-12-27 00:00:00+01:00,98.55446241,42695.74786
2025-12-27 01:00:00+01:00,92.15823375,40254.62458
2025-12-27 02:00:00+01:00,102.3137189,42892.22492
2025-12-27 03:00:00+01:00,83.21771102,37112.7
2025-12-27 04:00:00+01:00,79.63215588,38093.30202
2025-12-27 05:00:00+01:00,77.83630184,42646.73704
2025-12-27 06:00:00+01:00,88.27190198,43215.26928
2025-12-27 07:00:00+01:00,84.10152304,46886.56005
2025-12-27 08:00:00+01:00,59.61254141,47566.21012
2025-12-27 09:00:00+01:00,57.75634182,54516.20831
2025-12-27 10:00:00+01:00,58.07084097,53794.55901
2025-12-27 11:00:00+01:00,72.08945681,58191.41291
2025-12-27 12:00:00+01:00,89.47015762,57825.19218
2025-12-27 13:00:00+01:00,77.54447426,62669.25469
2025-12-27 14:00:00+01:00,73.26977874,62757.68615
2025-12-27 15:00:00+01:00,85.69057652,58751.77137
2025-12-27 16:00:00+01:00,65.57279492,57636.01293
2025-12-27 17:00:00+01:00,83.64811411,60131.18959
2025-12-27 18:00:00+01:00,92.17829726,54922.79117
2025-12-27 19:00:00+01:00,105.9396576,56848.25197
2025-12-27 20:00:00+01:00,92.36592016,51279.77913
2025-12-27 21:00:00+01:00,107.9813045,47321.88846
2025-12-27 22:00:00+01:00,110.1863551,45629.83179
2025-12-27 23:00:00+01:00,93.77793764,45373.11987
2025-12-28 00:00:00+01:00,100.0628318,39527.9377
2025-12-28 01:00:00+01:00,95.41022962,42949.68687
2025-12-28 02:00:00+01:00,91.51088107,40270.80492
2025-12-28 03:00:00+01:00,83.05140777,39092.76937
2025-12-28 04:00:00+01:00,68.9198868,37584.35405
2025-12-28 05:00:00+01:00,78.76592566,41780.82101
2025-12-28 06:00:00+01:00,93.60562912,45947.5571
2025-12-28 07:00:00+01:00,75.66535906,45771.84909
2025-12-28 08:00:00+01:00,76.69405252,48219.9905
2025-12-28 09:00:00+01:00,50.19827181,48365.0888
2025-12-28 10:00:00+01:00,69.34890999,51547.10235
2025-12-28 11:00:00+01:00,82.21788809,59377.69474
2025-12-28 12:00:00+01:00,68.30498258,59363.63921
2025-12-28 13:00:00+01:00,58.27219754,61872.47537
2025-12-28 14:00:00+01:00,74.28684819,59158.23425
2025-12-28 15:00:00+01:00,72.35617433,57613.29131
2025-12-28 16:00:00+01:00,80.16987559,57802.82729
2025-12-28 17:00:00+01:00,90.89107964,56256.04025
2025-12-28 18:00:00+01:00,67.31831862,53625.89194
2025-12-28 19:00:00+01:00,74.0125234,51382.74153
2025-12-28 20:00:00+01:00,87.11365959,49987.25254
2025-12-28 21:00:00+01:00,84.93023464,47316.98517
2025-12-28 22:00:00+01:00,100.0080903,42063.0369
2025-12-28 23:00:00+01:00,113.4263007,45487.71187
2025-12-29 00:00:00+01:00,91.3118865,43796.6147
2025-12-29 01:00:00+01:00,89.89462183,40250.64314
2025-12-29 02:00:00+01:00,76.10046886,38250.09861
2025-12-29 03:00:00+01:00,80.28259012,36299.23318
2025-12-29 04:00:00+01:00,71.33383018,41988.49447
2025-12-29 05:00:00+01:00,85.07281579,42988.5178
2025-12-29 06:00:00+01:00,68.22259301,45187.42498
2025-12-29 07:00:00+01:00,64.64772051,48458.06714
2025-12-29 08:00:00+01:00,59.17943299,53487.48609
2025-12-29 09:00:00+01:00,62.79394938,51019.39535
2025-12-29 10:00:00+01:00,66.00310709,56533.44109
2025-12-29 11:00:00+01:00,74.4500514,55630.8242
2025-12-29 12:00:00+01:00,69.23771599,57224.27054
2025-12-29 13:00:00+01:00,49.90677887,60337.8104
2025-12-29 14:00:00+01:00,79.69993709,58677.21432
2025-12-29 15:00:00+01:00,76.06375076,62139.09598
2025-12-29 16:00:00+01:00,91.76099501,61157.98339
2025-12-29 17:00:00+01:00,75.44439044,56204.10323
2025-12-29 18:00:00+01:00,96.00637072,53253.44554
2025-12-29 19:00:00+01:00,97.29304722,53232.33521
2025-12-29 20:00:00+01:00,108.0477149,51327.6207
2025-12-29 21:00:00+01:00,97.31105767,47660.19745
2025-12-29 22:00:00+01:00,92.28802264,43004.89229
2025-12-29 23:00:00+01:00,92.87629997,42106.10002
2025-12-30 00:00:00+01:00,99.06822908,42694.22242
2025-12-30 01:00:00+01:00,83.62806478,37394.58143
2025-12-30 02:00:00+01:00,74.97128248,38315.85278
2025-12-30 03:00:00+01:00,63.65767028,39709.99018
2025-12-30 04:00:00+01:00,98.6313425,43289.15126
2025-12-30 05:00:00+01:00,72.50064239,42430.89988
2025-12-30 06:00:00+01:00,82.54353339,44979.12621
2025-12-30 07:00:00+01:00,79.2238361,46471.87187
2025-12-30 08:00:00+01:00,73.825325,47277.94701
2025-12-30 09:00:00+01:00,56.93173812,50614.12403
2025-12-30 10:00:00+01:00,72.08695561,54070.23161
2025-12-30 11:00:00+01:00,64.52868535,58674.91866
2025-12-30 12:00:00+01:00,84.54758861,56067.22882
2025-12-30 13:00:00+01:00,74.84816777,59667.73632
2025-12-30 14:00:00+01:00,70.60570975,60776.2094
2025-12-30 15:00:00+01:00,73.16552795,62365.1373
2025-12-30 16:00:00+01:00,84.16717423,56208.16145
2025-12-30 17:00:00+01:00,87.29575378,56396.43251
2025-12-30 18:00:00+01:00,102.7000534,56408.0126
2025-12-30 19:00:00+01:00,98.2324087,51456.74255
2025-12-30 20:00:00+01:00,110.711912,48912.14564
2025-12-30 21:00:00+01:00,96.06071773,47244.9628
2025-12-30 22:00:00+01:00,88.51141964,44447.53592
2025-12-30 23:00:00+01:00,95.30373776,39338.27299
2025-12-31 00:00:00+01:00,109.3563849,40635.25804
2025-12-31 01:00:00+01:00,86.1115991,38746.43291
2025-12-31 02:00:00+01:00,80.5607749,42774.60512
2025-12-31 03:00:00+01:00,81.89032935,43049.2855
2025-12-31 04:00:00+01:00,81.48414204,39738.4788
2025-12-31 05:00:00+01:00,73.10163723,41680.73844
2025-12-31 06:00:00+01:00,70.12873575,46687.96631
2025-12-31 07:00:00+01:00,81.18491611,43899.59132
2025-12-31 08:00:00+01:00,59.492116,48693.16966
2025-12-31 09:00:00+01:00,68.33356739,55519.77413
2025-12-31 10:00:00+01:00,85.74854654,56339.5561
2025-12-31 11:00:00+01:00,71.71899708,55521.2167
2025-12-31 12:00:00+01:00,74.75201256,55742.86309
2025-12-31 13:00:00+01:00,61.56810894,59237.90371
2025-12-31 14:00:00+01:00,67.73673846,60780.86069
2025-12-31 15:00:00+01:00,61.5482329,61005.69983
2025-12-31 16:00:00+01:00,75.10271962,61506.51015
2025-12-31 17:00:00+01:00,107.5489637,58934.08258
2025-12-31 18:00:00+01:00,77.89936682,54626.64547
2025-12-31 19:00:00+01:00,93.51458119,53029.12871
2025-12-31 20:00:00+01:00,73.78282207,50942.06085
2025-12-31 21:00:00+01:00,98.03964145,50025.41651
2025-12-31 22:00:00+01:00,111.1854859,46164.08016
2025-12-31 23:00:00+01:00,102.6727666,43879.89556
2026-01-01 00:00:00+01:00,98.79131408,37840.56499
2026-01-01 01:00:00+01:00,90.1393069,41843.25965
2026-01-01 02:00:00+01:00,99.1305597,38972.15593
2026-01-01 03:00:00+01:00,78.96117599,40443.82597
2026-01-01 04:00:00+01:00,82.37680532,40771.54302
2026-01-01 05:00:00+01:00,85.76972512,46255.9181
2026-01-01 06:00:00+01:00,56.85118677,43882.19112
2026-01-01 07:00:00+01:00,55.65499363,47054.46925
2026-01-01 08:00:00+01:00,72.07822391,53393.37716
2026-01-01 09:00:00+01:00,57.73751655,49437.41465
2026-01-01 10:00:00+01:00,54.34517894,48772.75034
2026-01-01 11:00:00+01:00,55.32126093,57429.17649
2026-01-01 12:00:00+01:00,56.04013626,60548.7334
2026-01-01 13:00:00+01:00,58.74276851,57971.53171
2026-01-01 14:00:00+01:00,50.89179347,60068.31578
2026-01-01 15:00:00+01:00,82.0558814,56358.66846
2026-01-01 16:00:00+01:00,68.85963242,53454.63245
2026-01-01 17:00:00+01:00,84.48252365,58013.63588
2026-01-01 18:00:00+01:00,79.94028412,51408.19131
2026-01-01 19:00:00+01:00,84.13902686,52842.30995
2026-01-01 20:00:00+01:00,104.4655469,48079.27855
2026-01-01 21:00:00+01:00,76.02567677,46892.22541
2026-01-01 22:00:00+01:00,100.4321613,41843.0556
2026-01-01 23:00:00+01:00,93.04557927,42198.96726
2026-01-02 00:00:00+01:00,91.3188104,40617.61085
2026-01-02 01:00:00+01:00,84.45985538,40320.94298
2026-01-02 02:00:00+01:00,70.70263612,38728.79433
2026-01-02 03:00:00+01:00,103.9115384,40352.75424
2026-01-02 04:00:00+01:00,77.03162833,40430.99984
2026-01-02 05:00:00+01:00,69.12561875,43543.45012
2026-01-02 06:00:00+01:00,76.96293321,47160.2097
2026-01-02 07:00:00+01:00,65.61332199,48278.36377
2026-01-02 08:00:00+01:00,68.0427817,50694.32587
2026-01-02 09:00:00+01:00,69.15288751,51790.4678
2026-01-02 10:00:00+01:00,52.55413235,56741.18948
2026-01-02 11:00:00+01:00,67.78786936,59558.09416
2026-01-02 12:00:00+01:00,75.99674461,60784.56642
2026-01-02 13:00:00+01:00,67.23228969,57472.29093
2026-01-02 14:00:00+01:00,54.15320159,61818.9152
2026-01-02 15:00:00+01:00,88.2133203,60525.32354
2026-01-02 16:00:00+01:00,68.49437537,59789.25888
2026-01-02 17:00:00+01:00,85.45847237,58302.62045
2026-01-02 18:00:00+01:00,86.7321738,57288.45084
2026-01-02 19:00:00+01:00,76.50908535,54183.01397
2026-01-02 20:00:00+01:00,77.45339322,51622.3432
2026-01-02 21:00:00+01:00,94.91174147,50392.75044
2026-01-02 22:00:00+01:00,92.28947845,47261.81246
2026-01-02 23:00:00+01:00,91.39950407,44325.32849
2026-01-03 00:00:00+01:00,106.8474985,43208.77277
2026-01-03 01:00:00+01:00,78.36143552,39474.94912
2026-01-03 02:00:00+01:00,88.73249788,39759.67506
2026-01-03 03:00:00+01:00,76.42428196,42253.55869
2026-01-03 04:00:00+01:00,87.07958753,40864.4794
2026-01-03 05:00:00+01:00,80.69683466,40859.14225
2026-01-03 06:00:00+01:00,66.90731909,45818.41411
2026-01-03 07:00:00+01:00,93.3591855,45897.5047
2026-01-03 08:00:00+01:00,82.1106167,45537.78975
2026-01-03 09:00:00+01:00,63.49252791,54194.15572
2026-01-03 10:00:00+01:00,63.33105276,57372.79434
2026-01-03 11:00:00+01:00,82.53629768,59630.39799
2026-01-03 12:00:00+01:00,69.93395662,57507.18468
2026-01-03 13:00:00+01:00,60.28932611,55007.31035
2026-01-03 14:00:00+01:00,72.56112741,59249.36982
2026-01-03 15:00:00+01:00,96.56597052,59237.40051
2026-01-03 16:00:00+01:00,85.86684622,58226.699
2026-01-03 17:00:00+01:00,73.24932582,55840.74179
2026-01-03 18:00:00+01:00,89.77450143,56241.1381
2026-01-03 19:00:00+01:00,83.1216499,50558.54285
2026-01-03 20:00:00+01:00,83.94509297,50629.47986
2026-01-03 21:00:00+01:00,99.30449777,48546.29316
2026-01-03 22:00:00+01:00,90.94420812,45707.81125
2026-01-03 23:00:00+01:00,100.4376901,42515.43803
2026-01-04 00:00:00+01:00,120.8265627,41727.61149
2026-01-04 01:00:00+01:00,101.8994699,39665.53688
2026-01-04 02:00:00+01:00,82.63389155,42293.23715
2026-01-04 03:00:00+01:00,85.82574709,41800.86367
2026-01-04 04:00:00+01:00,88.81556579,42915.75458
2026-01-04 05:00:00+01:00,57.47822946,43072.05022
2026-01-04 06:00:00+01:00,83.42669453,47314.7322
2026-01-04 07:00:00+01:00,80.22501149,46629.60586
2026-01-04 08:00:00+01:00,69.04493618,48713.79217
2026-01-04 09:00:00+01:00,61.9140245,52357.85619
2026-01-04 10:00:00+01:00,64.12749386,58274.19042
2026-01-04 11:00:00+01:00,58.89112482,55405.23014
2026-01-04 12:00:00+01:00,79.54606379,56466.54938
2026-01-04 13:00:00+01:00,58.33191817,56983.09626
2026-01-04 14:00:00+01:00,65.87273714,59128.61132
2026-01-04 15:00:00+01:00,83.11426864,60774.87411
2026-01-04 16:00:00+01:00,94.43902473,57832.20695
2026-01-04 17:00:00+01:00,83.63792661,59105.69177
2026-01-04 18:00:00+01:00,90.07076394,54430.13581
2026-01-04 19:00:00+01:00,94.05103015,50871.78054
2026-01-04 20:00:00+01:00,94.61414216,49718.42127
2026-01-04 21:00:00+01:00,90.864428,44139.07566
2026-01-04 22:00:00+01:00,84.50318161,45654.25386
2026-01-04 23:00:00+01:00,98.53491302,44277.90595
2026-01-05 00:00:00+01:00,92.3419292,41883.33318
2026-01-05 01:00:00+01:00,96.24134516,40686.31679
2026-01-05 02:00:00+01:00,89.60546704,40469.90439
2026-01-05 03:00:00+01:00,79.53858377,34441.90497
2026-01-05 04:00:00+01:00,86.77151645,40516.28466
2026-01-05 05:00:00+01:00,63.31936758,38750.98736
2026-01-05 06:00:00+01:00,68.43764898,44288.82075
2026-01-05 07:00:00+01:00,63.83890088,47090.4127
2026-01-05 08:00:00+01:00,63.51093092,51717.43483
2026-01-05 09:00:00+01:00,58.31631675,52650.25482
2026-01-05 10:00:00+01:00,61.25638763,55777.28645
2026-01-05 11:00:00+01:00,62.96401171,57254.96108
2026-01-05 12:00:00+01:00,71.38439761,58890.75779
2026-01-05 13:00:00+01:00,70.60418924,57036.00755
2026-01-05 14:00:00+01:00,66.01070352,62403.67197
2026-01-05 15:00:00+01:00,89.43871702,62445.02043
2026-01-05 16:00:00+01:00,82.13503977,56388.47306
2026-01-05 17:00:00+01:00,81.19391511,57427.57598
2026-01-05 18:00:00+01:00,92.22863869,52528.99343
2026-01-05 19:00:00+01:00,87.7428776,53853.04351
2026-01-05 20:00:00+01:00,106.7561536,51149.46447
2026-01-05 21:00:00+01:00,101.7295691,48980.01025
2026-01-05 22:00:00+01:00,108.1282836,46818.95889
2026-01-05 23:00:00+01:00,95.545605,41323.25396
2026-01-06 00:00:00+01:00,78.40439582,44024.19729
2026-01-06 01:00:00+01:00,88.89415312,37984.90874
2026-01-06 02:00:00+01:00,68.77409447,41561.73904
2026-01-06 03:00:00+01:00,83.46943874,37050.7911
2026-01-06 04:00:00+01:00,61.9093934,40339.31056
2026-01-06 05:00:00+01:00,83.98686322,43921.31436
2026-01-06 06:00:00+01:00,76.9409407,42940.38118
2026-01-06 07:00:00+01:00,63.69335125,49312.34245
2026-01-06 08:00:00+01:00,65.09177042,50679.72175
2026-01-06 09:00:00+01:00,74.84629511,50953.04135
2026-01-06 10:00:00+01:00,60.30762019,54021.16883
2026-01-06 11:00:00+01:00,69.52259645,55501.86236
2026-01-06 12:00:00+01:00,83.13246516,58852.1197
2026-01-06 13:00:00+01:00,65.59576401,60916.48142
2026-01-06 14:00:00+01:00,79.89466878,60983.9284
2026-01-06 15:00:00+01:00,53.78194128,59041.52425
2026-01-06 16:00:00+01:00,91.09172137,59400.99799
2026-01-06 17:00:00+01:00,73.31248779,60346.83282
2026-01-06 18:00:00+01:00,74.86768962,57418.07904
2026-01-06 19:00:00+01:00,87.29259714,53270.47124
2026-01-06 20:00:00+01:00,80.78584589,52871.4141
2026-01-06 21:00:00+01:00,87.67966001,45970.27432
2026-01-06 22:00:00+01:00,103.2364416,46497.25551
2026-01-06 23:00:00+01:00,93.54906367,44439.50806
2026-01-07 00:00:00+01:00,96.91816903,39693.73612
2026-01-07 01:00:00+01:00,84.07311518,44160.94273
2026-01-07 02:00:00+01:00,82.17268944,38110.64135
2026-01-07 03:00:00+01:00,95.06733719,41352.99886
2026-01-07 04:00:00+01:00,65.07253953,40395.70876
2026-01-07 05:00:00+01:00,80.04325593,46004.65485
2026-01-07 06:00:00+01:00,74.21100655,42381.00814
2026-01-07 07:00:00+01:00,66.62973455,49020.40375
2026-01-07 08:00:00+01:00,66.5066767,49022.22292
2026-01-07 09:00:00+01:00,73.1683763,50887.05637
2026-01-07 10:00:00+01:00,79.81709754,55581.99961
2026-01-07 11:00:00+01:00,63.94282641,55971.60166
2026-01-07 12:00:00+01:00,62.46370379,60565.15049
2026-01-07 13:00:00+01:00,51.8625864,58008.31509
2026-01-07 14:00:00+01:00,60.53359389,58845.95011
2026-01-07 15:00:00+01:00,72.71981233,60045.75794
2026-01-07 16:00:00+01:00,78.50686354,58361.46335
2026-01-07 17:00:00+01:00,72.86651535,57931.91302
2026-01-07 18:00:00+01:00,86.56351341,53976.04438
2026-01-07 19:00:00+01:00,103.4234565,51401.76149
2026-01-07 20:00:00+01:00,98.38351287,49017.9018
2026-01-07 21:00:00+01:00,97.72073192,51028.63948
2026-01-07 22:00:00+01:00,95.33585427,48702.72433
2026-01-07 23:00:00+01:00,92.90394439,42137.03714
2026-01-08 00:00:00+01:00,97.71062546,40994.73686
2026-01-08 01:00:00+01:00,95.63634448,39160.15944
2026-01-08 02:00:00+01:00,85.38805204,38454.9698
2026-01-08 03:00:00+01:00,95.37771123,37713.48032
2026-01-08 04:00:00+01:00,79.73494234,43340.10434
2026-01-08 05:00:00+01:00,77.86969724,41106.45331
2026-01-08 06:00:00+01:00,85.31857577,49265.41845
2026-01-08 07:00:00+01:00,49.82878272,47097.40194
2026-01-08 08:00:00+01:00,66.87282802,49913.85446
2026-01-08 09:00:00+01:00,72.49871838,51982.90693
2026-01-08 10:00:00+01:00,36.3259035,54513.20675
2026-01-08 11:00:00+01:00,58.76009805,58060.3792
2026-01-08 12:00:00+01:00,79.49489224,61021.72757
2026-01-08 13:00:00+01:00,43.98826083,61280.22826
2026-01-08 14:00:00+01:00,96.5294593,62761.19463
2026-01-08 15:00:00+01:00,85.8177366,62355.50397
2026-01-08 16:00:00+01:00,96.29240128,59545.93625
2026-01-08 17:00:00+01:00,67.13124143,57831.69813
2026-01-08 18:00:00+01:00,92.55761959,55609.66966
2026-01-08 19:00:00+01:00,90.5965805,54088.76017
2026-01-08 20:00:00+01:00,93.88310374,51600.93596
2026-01-08 21:00:00+01:00,86.26758001,42020.71576
2026-01-08 22:00:00+01:00,95.44878169,44840.92966
2026-01-08 23:00:00+01:00,89.91548939,44325.3501
2026-01-09 00:00:00+01:00,100.7432511,38809.13395
2026-01-09 01:00:00+01:00,101.432612,40320.38785
2026-01-09 02:00:00+01:00,92.67266147,42162.49153
2026-01-09 03:00:00+01:00,88.98448883,40529.18643
2026-01-09 04:00:00+01:00,69.40258815,41394.40181
2026-01-09 05:00:00+01:00,79.88712401,43302.10329
2026-01-09 06:00:00+01:00,87.18023814,45493.30295
2026-01-09 07:00:00+01:00,69.39903536,45956.48906
2026-01-09 08:00:00+01:00,72.68602957,51907.51451
2026-01-09 09:00:00+01:00,54.77298652,52511.30505
2026-01-09 10:00:00+01:00,76.66657459,56323.79907
2026-01-09 11:00:00+01:00,60.32216843,55232.72312
2026-01-09 12:00:00+01:00,56.1403044,58101.87953
2026-01-09 13:00:00+01:00,75.86433158,60121.95167
2026-01-09 14:00:00+01:00,69.75456418,56999.45366
2026-01-09 15:00:00+01:00,79.06949875,57109.22723
2026-01-09 16:00:00+01:00,75.06113279,60820.16186
2026-01-09 17:00:00+01:00,91.86693092,59120.92301
2026-01-09 18:00:00+01:00,83.33923124,58916.37767
2026-01-09 19:00:00+01:00,94.17573021,54778.39334
2026-01-09 20:00:00+01:00,102.6896675,48595.99325
2026-01-09 21:00:00+01:00,99.32408294,49901.90182
2026-01-09 22:00:00+01:00,90.98784337,41809.83724
2026-01-09 23:00:00+01:00,106.004862,42059.87597
2026-01-10 00:00:00+01:00,95.11451028,39210.15832
2026-01-10 01:00:00+01:00,76.48175454,39017.68924
2026-01-10 02:00:00+01:00,63.08712123,40913.79776
2026-01-10 03:00:00+01:00,85.74076053,44006.23211
2026-01-10 04:00:00+01:00,66.51777103,44448.80661
2026-01-10 05:00:00+01:00,84.87436019,40816.3615
2026-01-10 06:00:00+01:00,69.24527222,45010.48767
2026-01-10 07:00:00+01:00,64.54781492,45605.56243
2026-01-10 08:00:00+01:00,67.70648096,48833.27878
2026-01-10 09:00:00+01:00,74.95663331,51298.13033
2026-01-10 10:00:00+01:00,58.83930213,54088.55337
2026-01-10 11:00:00+01:00,67.82605436,55268.40798
2026-01-10 12:00:00+01:00,81.24256548,56788.23692
2026-01-10 13:00:00+01:00,75.52135528,60511.85854
2026-01-10 14:00:00+01:00,62.24255818,61924.43447
2026-01-10 15:00:00+01:00,70.56464413,61767.05223
2026-01-10 16:00:00+01:00,94.20217052,60301.85201
2026-01-10 17:00:00+01:00,84.32585113,57839.89975
2026-01-10 18:00:00+01:00,90.94841408,56155.89598
2026-01-10 19:00:00+01:00,88.7465271,52231.90393
2026-01-10 20:00:00+01:00,88.09083809,47697.74329
2026-01-10 21:00:00+01:00,92.35051681,48811.81513
2026-01-10 22:00:00+01:00,115.0911794,43189.69958
2026-01-10 23:00:00+01:00,91.27261065,42667.87838
2026-01-11 00:00:00+01:00,98.11192241,39236.86316
2026-01-11 01:00:00+01:00,96.00051018,38325.66291
2026-01-11 02:00:00+01:00,93.87406615,39694.00811
2026-01-11 03:00:00+01:00,66.30491819,36861.82927
2026-01-11 04:00:00+01:00,86.72689251,42219.3799
2026-01-11 05:00:00+01:00,68.63874221,44638.7889
2026-01-11 06:00:00+01:00,84.64007774,44755.52175
2026-01-11 07:00:00+01:00,63.09704517,44624.39093
2026-01-11 08:00:00+01:00,59.58247418,51250.17563
2026-01-11 09:00:00+01:00,64.7253399,56395.60385
2026-01-11 10:00:00+01:00,71.85094551,54386.62281
2026-01-11 11:00:00+01:00,51.58462777,58538.8934
2026-01-11 12:00:00+01:00,71.17170594,59696.75279
2026-01-11 13:00:00+01:00,72.07704278,57482.39631
2026-01-11 14:00:00+01:00,62.91767181,62584.79967
2026-01-11 15:00:00+01:00,74.21850019,54668.01336
2026-01-11 16:00:00+01:00,90.61803662,56353.67373
2026-01-11 17:00:00+01:00,75.21321139,56527.8309
2026-01-11 18:00:00+01:00,87.44797861,53621.46448
2026-01-11 19:00:00+01:00,99.23929695,50755.48476
2026-01-11 20:00:00+01:00,81.9150084,50777.47253
2026-01-11 21:00:00+01:00,107.6000616,48571.41477
2026-01-11 22:00:00+01:00,85.93284337,47161.99994
2026-01-11 23:00:00+01:00,96.46801364,43055.24142
2026-01-12 00:00:00+01:00,95.33612967,39348.45326
2026-01-12 01:00:00+01:00,72.12824502,42607.20945
2026-01-12 02:00:00+01:00,89.0228936,40659.44985
2026-01-12 03:00:00+01:00,79.9888658,41750.95567
2026-01-12 04:00:00+01:00,96.99805857,39465.26366
2026-01-12 05:00:00+01:00,85.97133769,42843.95725
2026-01-12 06:00:00+01:00,89.03954051,43708.08801
2026-01-12 07:00:00+01:00,76.46312734,47255.20462
2026-01-12 08:00:00+01:00,83.38309767,51070.81361
2026-01-12 09:00:00+01:00,86.28633704,53033.64483
2026-01-12 10:00:00+01:00,60.69085368,52647.58243
2026-01-12 11:00:00+01:00,55.90535738,53134.16695
2026-01-12 12:00:00+01:00,64.59484102,57769.87894
2026-01-12 13:00:00+01:00,74.33540141,62433.1005
2026-01-12 14:00:00+01:00,75.81948379,62548.62629
2026-01-12 15:00:00+01:00,68.23497794,58151.01875
2026-01-12 16:00:00+01:00,77.50549864,61448.4647
2026-01-12 17:00:00+01:00,92.84809552,57830.54785
2026-01-12 18:00:00+01:00,80.54079475,52088.54543
2026-01-12 19:00:00+01:00,98.92049709,52738.58442
2026-01-12 20:00:00+01:00,94.1794467,50327.58867
2026-01-12 21:00:00+01:00,98.47944512,51659.92198
2026-01-12 22:00:00+01:00,91.5321639,43769.61557
2026-01-12 23:00:00+01:00,92.99914343,44992.51543
2026-01-13 00:00:00+01:00,101.5831406,41936.20154
2026-01-13 01:00:00+01:00,82.88784955,42207.86325
2026-01-13 02:00:00+01:00,73.52093722,39654.42137
2026-01-13 03:00:00+01:00,81.00940126,41075.74187
2026-01-13 04:00:00+01:00,70.71283098,42963.61674
2026-01-13 05:00:00+01:00,87.8473045,41017.09692
2026-01-13 06:00:00+01:00,72.29329512,45088.76286
2026-01-13 07:00:00+01:00,64.66945524,48716.88314
2026-01-13 08:00:00+01:00,63.0945298,50734.6247
2026-01-13 09:00:00+01:00,52.1662891,55076.84912
2026-01-13 10:00:00+01:00,66.29121074,54799.08387
2026-01-13 11:00:00+01:00,75.47627712,58585.78511
2026-01-13 12:00:00+01:00,65.71078198,55588.21657
2026-01-13 13:00:00+01:00,66.24565368,57994.38111
2026-01-13 14:00:00+01:00,55.35852375,57269.34391
2026-01-13 15:00:00+01:00,74.41854209,57898.60817
2026-01-13 16:00:00+01:00,83.62662677,60452.13799
2026-01-13 17:00:00+01:00,77.48513132,59216.64
2026-01-13 18:00:00+01:00,94.96478576,56689.0726
2026-01-13 19:00:00+01:00,97.67858047,54073.61534
2026-01-13 20:00:00+01:00,99.9051858,53875.75323
2026-01-13 21:00:00+01:00,89.2425448,48431.29462
2026-01-13 22:00:00+01:00,91.79914335,43843.21949
2026-01-13 23:00:00+01:00,92.07725406,42111.98234
2026-01-14 00:00:00+01:00,96.79588066,39945.9334
2026-01-14 01:00:00+01:00,82.76941632,41159.01693
2026-01-14 02:00:00+01:00,110.5656021,40266.90575
2026-01-14 03:00:00+01:00,93.12201589,40631.22568
2026-01-14 04:00:00+01:00,81.88749707,39996.44014
2026-01-14 05:00:00+01:00,91.53165902,39413.69084
2026-01-14 06:00:00+01:00,76.70737281,42715.25177
2026-01-14 07:00:00+01:00,66.49416772,48340.98005
2026-01-14 08:00:00+01:00,56.93364313,50278.96112
2026-01-14 09:00:00+01:00,70.84708178,47854.52521
2026-01-14 10:00:00+01:00,58.73023281,53776.23859
2026-01-14 11:00:00+01:00,72.4249217,56770.61783
2026-01-14 12:00:00+01:00,77.65096574,57849.43275
2026-01-14 13:00:00+01:00,57.05075462,59857.03151
2026-01-14 14:00:00+01:00,77.14857277,56232.60122
2026-01-14 15:00:00+01:00,89.04311479,61183.26979
2026-01-14 16:00:00+01:00,86.15291036,58536.6406
2026-01-14 17:00:00+01:00,76.73621821,55551.63398
2026-01-14 18:00:00+01:00,83.71397184,57193.39903
2026-01-14 19:00:00+01:00,81.49334785,53374.8339
2026-01-14 20:00:00+01:00,84.96871277,53562.31744
2026-01-14 21:00:00+01:00,89.85791757,43833.96965
2026-01-14 22:00:00+01:00,91.38831242,42159.21645
2026-01-14 23:00:00+01:00,100.3679312,44306.82971
2026-01-15 00:00:00+01:00,78.94254073,41493.09019
2026-01-15 01:00:00+01:00,78.97368697,38284.20894
2026-01-15 02:00:00+01:00,92.19706583,41502.02681
2026-01-15 03:00:00+01:00,89.63060172,42883.72378
2026-01-15 04:00:00+01:00,79.3012685,45962.06401
2026-01-15 05:00:00+01:00,60.85477954,45268.62929
2026-01-15 06:00:00+01:00,71.38277176,43939.45397
2026-01-15 07:00:00+01:00,80.07289742,47211.69037
2026-01-15 08:00:00+01:00,62.89106754,49232.90559
2026-01-15 09:00:00+01:00,81.79647104,51894.14342
2026-01-15 10:00:00+01:00,75.52442965,57632.57597
2026-01-15 11:00:00+01:00,67.10944166,55319.83093
2026-01-15 12:00:00+01:00,68.2151883,57605.38999
2026-01-15 13:00:00+01:00,77.46082868,59814.004
2026-01-15 14:00:00+01:00,79.02003705,60998.93327
2026-01-15 15:00:00+01:00,81.33020376,61082.09257
2026-01-15 16:00:00+01:00,65.23052611,56422.41413
2026-01-15 17:00:00+01:00,85.27289734,59089.34721
2026-01-15 18:00:00+01:00,97.6142417,58000.92339
2026-01-15 19:00:00+01:00,95.00013008,51534.00144
2026-01-15 20:00:00+01:00,79.87559349,51787.92156
2026-01-15 21:00:00+01:00,88.57169231,48920.78807
2026-01-15 22:00:00+01:00,76.59775433,49466.52059
2026-01-15 23:00:00+01:00,88.09501093,41161.53925
2026-01-16 00:00:00+01:00,111.0199395,40027.73249
2026-01-16 01:00:00+01:00,87.48925494,42818.43564
2026-01-16 02:00:00+01:00,91.48712202,39802.04074
2026-01-16 03:00:00+01:00,83.16273932,39832.43587
2026-01-16 04:00:00+01:00,55.33367148,43363.60735
2026-01-16 05:00:00+01:00,89.84996817,40962.38119
2026-01-16 06:00:00+01:00,78.59968853,46207.30902
2026-01-16 07:00:00+01:00,63.37754508,46755.71142
2026-01-16 08:00:00+01:00,72.53967567,51332.33535
2026-01-16 09:00:00+01:00,64.1918966,51637.53231
2026-01-16 10:00:00+01:00,67.37356973,51859.09527
2026-01-16 11:00:00+01:00,56.47617701,57955.97998
2026-01-16 12:00:00+01:00,56.6501238,56714.8678
2026-01-16 13:00:00+01:00,71.54249537,60694.82363
2026-01-16 14:00:00+01:00,64.92797138,61328.9486
2026-01-16 15:00:00+01:00,79.61348395,60542.16788
2026-01-16 16:00:00+01:00,84.51673636,59560.84625
2026-01-16 17:00:00+01:00,103.258781,57252.60802
2026-01-16 18:00:00+01:00,64.78087683,56151.03774
2026-01-16 19:00:00+01:00,93.39174898,52573.48214
2026-01-16 20:00:00+01:00,89.09668096,52126.64754
2026-01-16 21:00:00+01:00,72.82441101,47009.77509
2026-01-16 22:00:00+01:00,105.1850772,45927.75867
2026-01-16 23:00:00+01:00,86.40889667,39986.14469
2026-01-17 00:00:00+01:00,81.4198801,41469.62996
2026-01-17 01:00:00+01:00,64.03511011,42046.77408
2026-01-17 02:00:00+01:00,66.31305856,37427.49974
2026-01-17 03:00:00+01:00,59.23665488,40872.46573
2026-01-17 04:00:00+01:00,74.97744748,42572.90065
2026-01-17 05:00:00+01:00,68.13188891,40277.84279
2026-01-17 06:00:00+01:00,90.86400296,45206.2105
2026-01-17 07:00:00+01:00,55.39986146,48999.14461
2026-01-17 08:00:00+01:00,63.36303684,52873.12822
2026-01-17 09:00:00+01:00,43.10876115,51792.37052
2026-01-17 10:00:00+01:00,67.32990001,54364.12749
2026-01-17 11:00:00+01:00,92.06430195,56287.6778
2026-01-17 12:00:00+01:00,72.49896811,57892.42523
2026-01-17 13:00:00+01:00,71.1718859,59076.66861
2026-01-17 14:00:00+01:00,68.90810104,60220.06629
2026-01-17 15:00:00+01:00,74.08030365,57149.74681
2026-01-17 16:00:00+01:00,78.8047146,56820.50282
2026-01-17 17:00:00+01:00,87.08830879,57247.78847
2026-01-17 18:00:00+01:00,94.29676156,58296.83837
2026-01-17 19:00:00+01:00,89.39839865,53662.07394
2026-01-17 20:00:00+01:00,104.0454431,48222.11122
2026-01-17 21:00:00+01:00,94.45665003,43667.99777
2026-01-17 22:00:00+01:00,89.22689339,45512.01265
2026-01-17 23:00:00+01:00,99.21659996,42239.43943
2026-01-18 00:00:00+01:00,101.3059659,40100.83611
2026-01-18 01:00:00+01:00,101.1596342,41482.53408
2026-01-18 02:00:00+01:00,78.64305028,41046.23407
2026-01-18 03:00:00+01:00,82.49682596,37691.82757
2026-01-18 04:00:00+01:00,98.00016361,45152.30172
2026-01-18 05:00:00+01:00,93.09171258,43811.92687
2026-01-18 06:00:00+01:00,72.46925795,46347.22197
2026-01-18 07:00:00+01:00,86.8133382,44192.87342
2026-01-18 08:00:00+01:00,77.17075368,49469.01133
2026-01-18 09:00:00+01:00,63.79315006,54393.90682
2026-01-18 10:00:00+01:00,57.36631947,54704.6923
2026-01-18 11:00:00+01:00,59.41910049,57585.1549
2026-01-18 12:00:00+01:00,63.31309404,55877.61262
2026-01-18 13:00:00+01:00,59.59893498,58913.19729
2026-01-18 14:00:00+01:00,72.42743372,57333.87457
2026-01-18 15:00:00+01:00,76.42044136,57880.52374
2026-01-18 16:00:00+01:00,50.20974456,56600.72978
2026-01-18 17:00:00+01:00,70.28958758,59926.19334
2026-01-18 18:00:00+01:00,82.40081288,57559.36644
2026-01-18 19:00:00+01:00,76.45747712,48029.1593
2026-01-18 20:00:00+01:00,87.9812433,49331.38424
2026-01-18 21:00:00+01:00,92.12447989,48873.85673
2026-01-18 22:00:00+01:00,101.9857909,46507.67849
2026-01-18 23:00:00+01:00,89.51644517,44493.61904
2026-01-19 00:00:00+01:00,89.16937773,42824.8007
2026-01-19 01:00:00+01:00,78.98242886,40650.15922
2026-01-19 02:00:00+01:00,77.71715299,42537.797
2026-01-19 03:00:00+01:00,70.5387513,40279.27128
2026-01-19 04:00:00+01:00,79.39886557,42442.86044
2026-01-19 05:00:00+01:00,76.82285387,42795.14016
2026-01-19 06:00:00+01:00,78.10122228,43400.95928
2026-01-19 07:00:00+01:00,59.89615977,47644.62432
2026-01-19 08:00:00+01:00,71.98701452,50461.80084
2026-01-19 09:00:00+01:00,58.26639373,54333.01409
2026-01-19 10:00:00+01:00,61.1120997,55818.38161
2026-01-19 11:00:00+01:00,68.97312807,55799.77344
2026-01-19 12:00:00+01:00,38.97066143,55526.53098
2026-01-19 13:00:00+01:00,52.86890384,60010.62866
2026-01-19 14:00:00+01:00,75.358553,59843.21449
2026-01-19 15:00:00+01:00,93.84249376,59885.01642
2026-01-19 16:00:00+01:00,73.436039,56958.04814
2026-01-19 17:00:00+01:00,71.23074473,59518.09581
2026-01-19 18:00:00+01:00,93.45055609,54709.70171
2026-01-19 19:00:00+01:00,103.9975413,52057.60002
2026-01-19 20:00:00+01:00,85.13285061,51969.99596
2026-01-19 21:00:00+01:00,100.9377757,47754.95429
2026-01-19 22:00:00+01:00,105.9852615,42274.28101
2026-01-19 23:00:00+01:00,102.3691201,42064.46224
2026-01-20 00:00:00+01:00,93.39285279,40947.60586
2026-01-20 01:00:00+01:00,84.72919005,43233.90666
2026-01-20 02:00:00+01:00,85.78890165,40180.28466
2026-01-20 03:00:00+01:00,84.85584164,41494.28253
2026-01-20 04:00:00+01:00,75.11094948,39178.68096
2026-01-20 05:00:00+01:00,74.76636062,40583.80805
2026-01-20 06:00:00+01:00,66.4211514,40689.97965
2026-01-20 07:00:00+01:00,71.55303294,46692.6441
2026-01-20 08:00:00+01:00,61.4077053,50733.66373
2026-01-20 09:00:00+01:00,61.92825011,53414.48339
2026-01-20 10:00:00+01:00,67.24133859,54788.72025
2026-01-20 11:00:00+01:00,76.62688804,55679.60563
2026-01-20 12:00:00+01:00,57.56597742,55354.44686
2026-01-20 13:00:00+01:00,59.66792892,59142.26079
2026-01-20 14:00:00+01:00,88.88691515,60582.55411
2026-01-20 15:00:00+01:00,81.66806306,56865.631
2026-01-20 16:00:00+01:00,72.31737586,57427.50625
2026-01-20 17:00:00+01:00,87.03127648,57160.11197
2026-01-20 18:00:00+01:00,108.123605,55992.52132
2026-01-20 19:00:00+01:00,78.45596077,53173.41973
2026-01-20 20:00:00+01:00,104.5353294,47320.05637
2026-01-20 21:00:00+01:00,80.3423095,47950.24408
2026-01-20 22:00:00+01:00,93.57101647,45085.23371
2026-01-20 23:00:00+01:00,79.37892329,42144.3793
2026-01-21 00:00:00+01:00,90.81744409,43095.37024
2026-01-21 01:00:00+01:00,80.70617425,39064.18966
2026-01-21 02:00:00+01:00,72.61618961,38362.45896
2026-01-21 03:00:00+01:00,77.5313509,37681.65312
2026-01-21 04:00:00+01:00,91.06687925,43716.70146
2026-01-21 05:00:00+01:00,64.00558949,41961.87429
2026-01-21 06:00:00+01:00,76.13849087,47317.66143
2026-01-21 07:00:00+01:00,77.2869178,47297.67458
2026-01-21 08:00:00+01:00,57.82757513,47362.28451
2026-01-21 09:00:00+01:00,77.44084685,52658.27193
2026-01-21 10:00:00+01:00,74.2413997,56019.02659
2026-01-21 11:00:00+01:00,72.75835484,57316.24957
2026-01-21 12:00:00+01:00,71.59482759,57432.65272
2026-01-21 13:00:00+01:00,51.62445291,55916.18224
2026-01-21 14:00:00+01:00,70.39970166,60196.08236
2026-01-21 15:00:00+01:00,98.20530935,61033.4911
2026-01-21 16:00:00+01:00,74.49608981,58401.19975
2026-01-21 17:00:00+01:00,78.78377284,57680.23791
2026-01-21 18:00:00+01:00,85.11473759,54340.30551
2026-01-21 19:00:00+01:00,80.95573567,54411.5528
2026-01-21 20:00:00+01:00,71.50256911,49864.84974
2026-01-21 21:00:00+01:00,98.49354232,46802.99101
2026-01-21 22:00:00+01:00,119.0903333,43983.92176
2026-01-21 23:00:00+01:00,109.1727475,44095.86339
2026-01-22 00:00:00+01:00,93.80141716,39035.05568
2026-01-22 01:00:00+01:00,100.4130414,40934.22439
2026-01-22 02:00:00+01:00,93.11309051,41757.43872
2026-01-22 03:00:00+01:00,86.14482786,40678.90011
2026-01-22 04:00:00+01:00,79.42909779,43260.09885
2026-01-22 05:00:00+01:00,95.59128454,41027.80406
2026-01-22 06:00:00+01:00,77.58212931,45522.30422
2026-01-22 07:00:00+01:00,63.7721188,44805.07709
2026-01-22 08:00:00+01:00,50.66128746,51110.92719
2026-01-22 09:00:00+01:00,74.20906481,50447.08878
2026-01-22 10:00:00+01:00,84.53337477,55364.08452
2026-01-22 11:00:00+01:00,61.23282176,57714.74727
2026-01-22 12:00:00+01:00,69.42953408,58581.24644
2026-01-22 13:00:00+01:00,78.70991898,58567.6362
2026-01-22 14:00:00+01:00,58.63468182,61043.10992
2026-01-22 15:00:00+01:00,64.85991203,60031.56678
2026-01-22 16:00:00+01:00,82.81792082,58626.56656
2026-01-22 17:00:00+01:00,85.31720437,56703.07271
2026-01-22 18:00:00+01:00,66.37626009,54632.7025
2026-01-22 19:00:00+01:00,110.3748244,51089.25304
2026-01-22 20:00:00+01:00,85.77416636,51980.70717
2026-01-22 21:00:00+01:00,97.12331489,45917.91838
2026-01-22 22:00:00+01:00,118.0932279,45310.35273
2026-01-22 23:00:00+01:00,103.4637716,40802.51049
2026-01-23 00:00:00+01:00,83.06098671,40293.5768
2026-01-23 01:00:00+01:00,86.41886013,38954.51315
2026-01-23 02:00:00+01:00,78.57282036,41144.67981
2026-01-23 03:00:00+01:00,51.00217311,40327.91625
2026-01-23 04:00:00+01:00,83.03636036,41026.32193
2026-01-23 05:00:00+01:00,75.61685113,44084.52517
2026-01-23 06:00:00+01:00,66.00195713,41324.25717
2026-01-23 07:00:00+01:00,90.96588304,46492.71434
2026-01-23 08:00:00+01:00,72.98044178,50550.46416
2026-01-23 09:00:00+01:00,57.3937223,50831.39825
2026-01-23 10:00:00+01:00,52.85882954,53746.68366
2026-01-23 11:00:00+01:00,62.85699159,57436.66862
2026-01-23 12:00:00+01:00,59.03239465,62165.66713
2026-01-23 13:00:00+01:00,79.02558545,57077.99734
2026-01-23 14:00:00+01:00,70.6363957,63220.70055
2026-01-23 15:00:00+01:00,81.54717272,59448.65877
2026-01-23 16:00:00+01:00,87.76714147,58349.68997
2026-01-23 17:00:00+01:00,78.5730753,57490.28338
2026-01-23 18:00:00+01:00,93.75046826,52174.10824
2026-01-23 19:00:00+01:00,79.81574029,50414.66585
2026-01-23 20:00:00+01:00,114.0765557,50995.95021
2026-01-23 21:00:00+01:00,84.66792207,47471.27611
2026-01-23 22:00:00+01:00,109.3984526,45102.44658
2026-01-23 23:00:00+01:00,93.46072731,46293.7382
2026-01-24 00:00:00+01:00,104.4591317,42617.30759
2026-01-24 01:00:00+01:00,106.1163075,41552.6939
2026-01-24 02:00:00+01:00,85.13211274,36817.29426
2026-01-24 03:00:00+01:00,82.75308274,37803.20024
2026-01-24 04:00:00+01:00,71.31160049,43187.68253
2026-01-24 05:00:00+01:00,85.48542111,42861.60137
2026-01-24 06:00:00+01:00,44.43472691,46944.08767
2026-01-24 07:00:00+01:00,77.06680692,50586.45838
2026-01-24 08:00:00+01:00,61.84487926,50429.06541
2026-01-24 09:00:00+01:00,78.83650097,52277.46739
2026-01-24 10:00:00+01:00,86.33385546,54949.08314
2026-01-24 11:00:00+01:00,71.77430651,59531.96088
2026-01-24 12:00:00+01:00,62.01404834,58427.54936
2026-01-24 13:00:00+01:00,85.29657093,57833.33813
2026-01-24 14:00:00+01:00,84.46219416,57169.82595
2026-01-24 15:00:00+01:00,65.98855292,58984.54146
2026-01-24 16:00:00+01:00,64.92641852,55846.78047
2026-01-24 17:00:00+01:00,75.54385555,60110.36195
2026-01-24 18:00:00+01:00,99.7454128,56406.6809
2026-01-24 19:00:00+01:00,100.1623477,53729.50969
2026-01-24 20:00:00+01:00,87.52675245,53295.86288
2026-01-24 21:00:00+01:00,99.76377515,42368.27282
2026-01-24 22:00:00+01:00,81.16585166,44349.55916
2026-01-24 23:00:00+01:00,85.88461135,41846.40775
2026-01-25 00:00:00+01:00,86.29460109,40132.0369
2026-01-25 01:00:00+01:00,75.76326875,38207.73429
2026-01-25 02:00:00+01:00,96.20902403,42302.94985
2026-01-25 03:00:00+01:00,85.68262088,41080.90033
2026-01-25 04:00:00+01:00,74.07533071,40237.45461
2026-01-25 05:00:00+01:00,86.77511412,43423.91107
2026-01-25 06:00:00+01:00,69.77645906,46044.87947
2026-01-25 07:00:00+01:00,54.93321984,45632.32561
2026-01-25 08:00:00+01:00,79.39391843,52540.71522
2026-01-25 09:00:00+01:00,60.65768248,52525.71759
2026-01-25 10:00:00+01:00,69.51303014,56965.85983
2026-01-25 11:00:00+01:00,66.36839187,53956.14594
2026-01-25 12:00:00+01:00,59.53083255,59644.4584
2026-01-25 13:00:00+01:00,76.67668451,59831.80054
2026-01-25 14:00:00+01:00,83.05555057,59255.36444
2026-01-25 15:00:00+01:00,65.59310359,62615.4472
2026-01-25 16:00:00+01:00,83.51951862,61457.76847
2026-01-25 17:00:00+01:00,94.57732859,60530.88718
2026-01-25 18:00:00+01:00,95.31842157,58602.97539
2026-01-25 19:00:00+01:00,76.28019961,54217.70049
2026-01-25 20:00:00+01:00,95.21037884,50341.88278
2026-01-25 21:00:00+01:00,93.86028811,51338.31018
2026-01-25 22:00:00+01:00,98.46036603,47218.87905
2026-01-25 23:00:00+01:00,99.81856531,46560.17964
2026-01-26 00:00:00+01:00,114.6389692,39025.35849
2026-01-26 01:00:00+01:00,91.90634701,41634.07845
2026-01-26 02:00:00+01:00,89.02742747,40472.49731
2026-01-26 03:00:00+01:00,91.00136116,40921.48298
2026-01-26 04:00:00+01:00,73.19471231,41318.63797
2026-01-26 05:00:00+01:00,76.43702731,45173.00554
2026-01-26 06:00:00+01:00,67.7291536,44670.14389
2026-01-26 07:00:00+01:00,70.45397978,48983.37879
2026-01-26 08:00:00+01:00,87.4968868,46011.25668
2026-01-26 09:00:00+01:00,65.33066832,54235.13478
2026-01-26 10:00:00+01:00,66.97666395,54370.10596
2026-01-26 11:00:00+01:00,62.53998353,56599.47832
2026-01-26 12:00:00+01:00,48.32048351,58316.12659
2026-01-26 13:00:00+01:00,57.94331954,61558.80931
2026-01-26 14:00:00+01:00,75.97328815,57239.70368
2026-01-26 15:00:00+01:00,75.98700566,62720.5132
2026-01-26 16:00:00+01:00,64.72520192,56160.92811
2026-01-26 17:00:00+01:00,77.92060736,57340.46975
2026-01-26 18:00:00+01:00,62.14713747,52429.10991
2026-01-26 19:00:00+01:00,103.9406792,51397.39691
2026-01-26 20:00:00+01:00,91.60028989,48974.05854
2026-01-26 21:00:00+01:00,92.00075887,49292.37598
2026-01-26 22:00:00+01:00,87.5638009,45685.93745
2026-01-26 23:00:00+01:00,76.99085174,41033.91979
2026-01-27 00:00:00+01:00,103.6161954,44151.69818
2026-01-27 01:00:00+01:00,93.38646697,39892.59087
2026-01-27 02:00:00+01:00,91.95892594,43642.77926
2026-01-27 03:00:00+01:00,80.34712708,42023.35008
2026-01-27 04:00:00+01:00,86.27345103,41020.33226
2026-01-27 05:00:00+01:00,85.95596388,42083.30409
2026-01-27 06:00:00+01:00,73.20215748,46206.63533
2026-01-27 07:00:00+01:00,44.17841464,49025.02448
2026-01-27 08:00:00+01:00,59.092882,50428.24022
2026-01-27 09:00:00+01:00,67.04325683,55480.46142
2026-01-27 10:00:00+01:00,52.2148422,55499.74805
2026-01-27 11:00:00+01:00,54.80349556,59022.02022
2026-01-27 12:00:00+01:00,62.1177295,60550.20997
2026-01-27 13:00:00+01:00,65.57814843,59235.32468
2026-01-27 14:00:00+01:00,70.26595897,59159.61478
2026-01-27 15:00:00+01:00,65.79421735,66060.98994
2026-01-27 16:00:00+01:00,89.73907764,57263.91478
2026-01-27 17:00:00+01:00,85.55254448,53278.22162
2026-01-27 18:00:00+01:00,70.82023161,54795.8706
2026-01-27 19:00:00+01:00,93.61158661,52230.48176
2026-01-27 20:00:00+01:00,97.71465644,49960.86173
2026-01-27 21:00:00+01:00,107.2854554,48501.95656
2026-01-27 22:00:00+01:00,102.6343559,45021.37828
2026-01-27 23:00:00+01:00,102.6103668,40801.7506
2026-01-28 00:00:00+01:00,95.53036788,42831.8042
2026-01-28 01:00:00+01:00,97.96028322,37093.2832
2026-01-28 02:00:00+01:00,93.05884732,39876.63367
2026-01-28 03:00:00+01:00,87.2490401,41593.70772
2026-01-28 04:00:00+01:00,65.16697697,40083.02667
2026-01-28 05:00:00+01:00,72.95335978,42522.22805
2026-01-28 06:00:00+01:00,83.40238526,45786.95807
2026-01-28 07:00:00+01:00,77.92107222,46647.29798
2026-01-28 08:00:00+01:00,60.49370589,53418.06222
2026-01-28 09:00:00+01:00,48.4035214,52163.09904
2026-01-28 10:00:00+01:00,67.55976972,55697.58293
2026-01-28 11:00:00+01:00,68.46408665,60297.85546
2026-01-28 12:00:00+01:00,61.31068504,60550.2288
2026-01-28 13:00:00+01:00,80.2747512,57415.93649
2026-01-28 14:00:00+01:00,88.47784585,58970.54536
2026-01-28 15:00:00+01:00,64.90356034,58216.50742
2026-01-28 16:00:00+01:00,68.60865355,62643.1523
2026-01-28 17:00:00+01:00,93.33797591,60981.5823
2026-01-28 18:00:00+01:00,90.27145859,53215.64238
2026-01-28 19:00:00+01:00,96.68498809,54915.20959
2026-01-28 20:00:00+01:00,126.1291756,48737.65089
2026-01-28 21:00:00+01:00,94.82164458,44755.66131
2026-01-28 22:00:00+01:00,94.73872101,45501.85686
2026-01-28 23:00:00+01:00,90.9259799,45123.07779
2026-01-29 00:00:00+01:00,91.74137679,41321.07358
2026-01-29 01:00:00+01:00,96.12274336,40196.60279
2026-01-29 02:00:00+01:00,78.59501171,41100.39377
2026-01-29 03:00:00+01:00,77.40188329,40405.50002
2026-01-29 04:00:00+01:00,76.88719245,44231.36207
2026-01-29 05:00:00+01:00,63.44474349,40855.61911
2026-01-29 06:00:00+01:00,81.68171718,45752.80201
2026-01-29 07:00:00+01:00,71.6390419,43438.73039
2026-01-29 08:00:00+01:00,78.44918239,49821.32259
2026-01-29 09:00:00+01:00,83.33992826,55605.79027
2026-01-29 10:00:00+01:00,74.89934579,52968.0956
2026-01-29 11:00:00+01:00,77.88325938,59316.44144
2026-01-29 12:00:00+01:00,59.12742919,58110.76009
2026-01-29 13:00:00+01:00,71.08296645,58203.58066
2026-01-29 14:00:00+01:00,64.44486669,58966.36414
2026-01-29 15:00:00+01:00,78.04156158,60594.41061
2026-01-29 16:00:00+01:00,83.53539896,57925.62644
2026-01-29 17:00:00+01:00,93.62592057,56233.75963
2026-01-29 18:00:00+01:00,83.43194344,54168.29344
2026-01-29 19:00:00+01:00,81.01438521,49727.33764
2026-01-29 20:00:00+01:00,101.8973244,53210.20562
2026-01-29 21:00:00+01:00,87.28067575,49180.86677
2026-01-29 22:00:00+01:00,79.63633943,44766.11855
2026-01-29 23:00:00+01:00,98.53150038,42349.7263
